food_name,category,cuisine,meal_type,mood,calories,protein,carbs,fat,fiber,sugar,vegetarian,spicy,ingredients,dietary_tags,content_soup,protein_density_ratio
Warm Lentil & Baby Spinach Soup,Soup,Mediterranean,Dinner,Stressed,340,18.0,46.0,7.0,11.0,4.0,1,0,"Brown lentils, baby spinach, minced garlic, extra virgin olive oil, lemon, cumin","High-Fiber, Magnesium, Vegan, Anti-Stress",mood_stressed mood_stressed mood_stressed stressed stressed cuisine_mediterranean category_soup meal_dinner diet_vegetarian plant_based balanced_protein high_fiber_satiety digestive_support low_sugar steady_glucose high fiber magnesium vegan anti stress brown lentils baby spinach minced garlic extra virgin olive oil lemon cumin,5.29
Ginger Simmered Chicken Broth with Rice,Soup,Asian,Dinner,Low Mood,340,26.0,38.0,8.0,3.0,2.0,0,0,"Poached chicken breast, white jasmine rice, sliced young ginger, scallions","Restorative, Broth, Gut-Friendly, Gluten-Free",mood_low_mood mood_low_mood mood_low_mood low_mood low_mood cuisine_asian category_soup meal_dinner diet_non_veg animal_protein high_protein_rich muscle_fuel low_sugar steady_glucose restorative broth gut friendly gluten free poached chicken breast white jasmine rice sliced young ginger scallions,7.65
Creamy Roasted Pumpkin Soup with Pepitas,Soup,Continental,Dinner,Relaxed,280,6.0,38.0,11.0,6.0,8.0,1,0,"Roasted sugar pumpkin, light coconut milk, pumpkin seed pepitas, nutmeg","Tryptophan, Soothing, Vegan, Gluten-Free",mood_relaxed mood_relaxed mood_relaxed relaxed relaxed cuisine_continental category_soup meal_dinner diet_vegetarian plant_based light_meal low_calorie light_energy tryptophan soothing vegan gluten free roasted sugar pumpkin light coconut milk pumpkin seed pepitas nutmeg,2.14
Homestyle Garden Vegetable Noodle Soup,Soup,American,Lunch,Low Mood,260,8.0,44.0,5.0,5.0,4.0,1,0,"Whole-wheat ribbon noodles, diced carrots, celery, fragrant herb vegetable broth","Noodle Soup, Restorative, Warm-Comfort, Vegetarian",mood_low_mood mood_low_mood mood_low_mood low_mood low_mood cuisine_american category_soup meal_lunch diet_vegetarian plant_based light_meal low_calorie light_energy low_sugar steady_glucose noodle soup restorative warm comfort vegetarian whole wheat ribbon noodles diced carrots celery fragrant herb vegetable broth,3.08
Fermented Miso Soup with Silken Tofu & Wakame,Soup,Asian,Lunch,Low Mood,140,9.0,12.0,4.0,3.0,2.0,1,0,"Naturally fermented white miso, silken tofu cubes, wakame seaweed, spring green onions","Probiotic, Gut-Health, Low-Calorie, Vegan",mood_low_mood mood_low_mood mood_low_mood low_mood low_mood cuisine_asian category_soup meal_lunch diet_vegetarian plant_based light_meal low_calorie light_energy low_sugar steady_glucose probiotic gut health low calorie vegan naturally fermented white miso silken tofu cubes wakame seaweed spring green onions,6.43
Tuscan White Bean & Tomato Minestrone,Soup,Italian,Dinner,Low Mood,310,14.0,50.0,6.0,10.0,5.0,1,0,"Cannellini beans, stewed plum tomatoes, zucchini, whole grain ditalini pasta, basil","Cannellini, High-Fiber, Soothing, Mediterranean-Diet, Vegan",mood_low_mood mood_low_mood mood_low_mood low_mood low_mood cuisine_italian category_soup meal_dinner diet_vegetarian plant_based balanced_protein high_fiber_satiety digestive_support cannellini high fiber soothing mediterranean diet vegan cannellini beans stewed plum tomatoes zucchini whole grain ditalini pasta basil,4.52
Spiced Black Bean Soup with Crispy Tortillas,Soup,Mexican,Lunch,Tired,330,17.0,52.0,6.0,14.0,3.0,1,1,"Simmered black beans, cumin, Mexican oregano, baked corn tortilla crisps, cilantro","Black Bean, Iron, High-Fiber, Vegan, Gluten-Free",mood_tired mood_tired mood_tired tired tired cuisine_mexican category_soup meal_lunch diet_vegetarian plant_based balanced_protein high_fiber_satiety digestive_support low_sugar steady_glucose black bean iron high fiber vegan gluten free simmered black beans cumin mexican oregano baked corn tortilla crisps cilantro,5.15
Silken Tofu & Enoki Mushroom Dashi,Soup,Asian,Dinner,Relaxed,170,14.0,12.0,5.0,3.0,2.0,1,0,"Silken tofu, enoki mushrooms, kombu vegetable dashi broth, scallions","Gentle, Calming, Tryptophan, Ultra-Light, Vegan",mood_relaxed mood_relaxed mood_relaxed relaxed relaxed cuisine_asian category_soup meal_dinner diet_vegetarian plant_based balanced_protein light_meal low_calorie light_energy low_sugar steady_glucose gentle calming tryptophan ultra light vegan silken tofu enoki mushrooms kombu vegetable dashi broth scallions,8.24
Quinoa & Black Bean Burrito Power Bowl,Bowl,Mexican,Lunch,Tired,460,18.0,70.0,11.0,15.0,4.0,1,1,"White quinoa, spiced simmered black beans, roasted corn, guacamole, salsa verde","Burrito, Iron, Sustained-Energy, High-Fiber, Vegan",mood_tired mood_tired mood_tired tired tired cuisine_mexican category_bowl meal_lunch diet_vegetarian plant_based balanced_protein hearty_substantial high_energy high_fiber_satiety digestive_support low_sugar steady_glucose burrito iron sustained energy high fiber vegan white quinoa spiced simmered black beans roasted corn guacamole salsa verde,3.91
Roasted Sweet Potato & Black Bean Bowl,Bowl,Mexican,Lunch,Stressed,420,14.0,68.0,9.0,14.0,9.0,1,1,"Garnet sweet potatoes, black beans, sweet corn, cilantro, lime vinaigrette","Magnesium, Complex-Carbs, Vegan, Gluten-Free",mood_stressed mood_stressed mood_stressed stressed stressed cuisine_mexican category_bowl meal_lunch diet_vegetarian plant_based balanced_protein high_fiber_satiety digestive_support magnesium complex carbs vegan gluten free garnet sweet potatoes black beans sweet corn cilantro lime vinaigrette,3.33
Grilled Lemon Herb Chicken & Quinoa Power Bowl,Bowl,American,Lunch,Energetic,480,46.0,46.0,12.0,7.0,3.0,0,0,"Grilled chicken breast, Andean tricolor quinoa, massaged kale, avocado, lemon tahini","Protein Bowl, Pre-Workout, High-Protein, Lean-Muscle",mood_energetic mood_energetic mood_energetic energetic energetic cuisine_american category_bowl meal_lunch diet_non_veg animal_protein high_protein_rich muscle_fuel hearty_substantial high_energy high_fiber_satiety digestive_support low_sugar steady_glucose protein bowl pre workout high protein lean muscle grilled chicken breast andean tricolor quinoa massaged kale avocado lemon tahini,9.58
South Indian Tempered Curd Rice with Pomegranate,Bowl,Indian,Lunch,Low Mood,310,9.0,52.0,7.0,3.0,6.0,1,0,"Cooked basmati rice, probiotic whole curd yogurt, mustard seeds, curry leaves, pomegranate","Curd, Probiotic, Gut-Brain, Ayurvedic, Vegetarian",mood_low_mood mood_low_mood mood_low_mood low_mood low_mood cuisine_indian category_bowl meal_lunch diet_vegetarian plant_based curd probiotic gut brain ayurvedic vegetarian cooked basmati rice probiotic whole curd yogurt mustard seeds curry leaves pomegranate,2.9
Chamomile Steamed Tofu & Brown Jasmine Rice,Bowl,Asian,Dinner,Stressed,390,21.0,49.0,9.0,6.0,2.0,1,0,"Firm tofu cubes, brown jasmine rice, chamomile herbal broth, baby bok choy, sesame oil","Chamomile, Calming, Magnesium, Plant-Protein, Vegan",mood_stressed mood_stressed mood_stressed stressed stressed cuisine_asian category_bowl meal_dinner diet_vegetarian plant_based high_protein_rich muscle_fuel low_sugar steady_glucose chamomile calming magnesium plant protein vegan firm tofu cubes brown jasmine rice chamomile herbal broth baby bok choy sesame oil,5.38
Fragrant Jasmine Rice with Steamed Sesame Greens,Bowl,Asian,Dinner,Relaxed,340,8.0,62.0,6.0,5.0,3.0,1,0,"Thai jasmine rice, baby bok choy, sugar snap peas, cold-pressed sesame oil","Jasmine Rice, Gentle, Easy-Digestion, Tryptophan, Vegan",mood_relaxed mood_relaxed mood_relaxed relaxed relaxed cuisine_asian category_bowl meal_dinner diet_vegetarian plant_based low_sugar steady_glucose jasmine rice gentle easy digestion tryptophan vegan thai jasmine rice baby bok choy sugar snap peas cold pressed sesame oil,2.35
Buckwheat Soba & Edamame Protein Bowl,Bowl,Asian,Lunch,Energetic,420,20.0,62.0,10.0,8.0,5.0,1,0,"100% buckwheat soba noodles, steamed edamame, purple cabbage, sesame ginger vinaigrette","Protein Bowl, Pre-Workout, Clean-Carbs, Vegan",mood_energetic mood_energetic mood_energetic energetic energetic cuisine_asian category_bowl meal_lunch diet_vegetarian plant_based high_protein_rich muscle_fuel high_fiber_satiety digestive_support protein bowl pre workout clean carbs vegan 100 buckwheat soba noodles steamed edamame purple cabbage sesame ginger vinaigrette,4.76
Spinach & Moong Dal Khichdi with Ghee,Curry,Indian,Dinner,Stressed,360,15.0,54.0,8.0,8.0,2.0,1,0,"Yellow moong lentils, basmati rice, fresh spinach, turmeric, cumin seeds, pure cow ghee","Spinach, Lentil, Magnesium, Ayurvedic-Comfort, Soothing",mood_stressed mood_stressed mood_stressed stressed stressed cuisine_indian category_curry meal_dinner diet_vegetarian plant_based balanced_protein high_fiber_satiety digestive_support low_sugar steady_glucose spinach lentil magnesium ayurvedic comfort soothing yellow moong lentils basmati rice fresh spinach turmeric cumin seeds pure cow ghee,4.17
Homestyle Yellow Toor Dal with Cumin Rice,Curry,Indian,Dinner,Relaxed,380,14.0,60.0,7.0,9.0,3.0,1,0,"Yellow toor dal lentils, steamed basmati rice, toasted cumin, mild turmeric, ripe tomato","Lentil, Traditional-Comfort, Tryptophan, Gentle, Vegan",mood_relaxed mood_relaxed mood_relaxed relaxed relaxed cuisine_indian category_curry meal_dinner diet_vegetarian plant_based balanced_protein high_fiber_satiety digestive_support low_sugar steady_glucose lentil traditional comfort tryptophan gentle vegan yellow toor dal lentils steamed basmati rice toasted cumin mild turmeric ripe tomato,3.68
Iron-Rich Palak Paneer with Whole Wheat Roti,Curry,Indian,Dinner,Tired,420,20.0,38.0,22.0,7.0,4.0,1,1,"Fresh spinach puree, paneer cheese, whole wheat flour roti, garlic, garam masala","Iron, B-Vitamin, High-Protein, Vegetarian",mood_tired mood_tired mood_tired tired tired cuisine_indian category_curry meal_dinner diet_vegetarian plant_based high_protein_rich muscle_fuel high_fiber_satiety digestive_support low_sugar steady_glucose iron vitamin high protein vegetarian fresh spinach puree paneer cheese whole wheat flour roti garlic garam masala,4.76
Wild Atlantic Salmon with Steamed Asparagus,Main,Continental,Dinner,Stressed,480,38.0,12.0,26.0,5.0,2.0,0,0,"Wild salmon fillet, green asparagus spears, virgin olive oil, lemon zest, sea salt","Salmon, Omega-3, Magnesium, High-Protein, Gluten-Free",mood_stressed mood_stressed mood_stressed stressed stressed cuisine_continental category_main meal_dinner diet_non_veg animal_protein high_protein_rich muscle_fuel hearty_substantial high_energy low_sugar steady_glucose salmon omega magnesium high protein gluten free wild salmon fillet green asparagus spears virgin olive oil lemon zest sea salt,7.92
Herbal Baked Atlantic Cod with Zucchini,Main,Mediterranean,Dinner,Relaxed,360,36.0,14.0,16.0,4.0,4.0,0,0,"Cod fillet, tender zucchini ribbons, fresh dill, virgin olive oil, garlic","Cod, Tryptophan, Gentle, Light-Dinner, High-Protein",mood_relaxed mood_relaxed mood_relaxed relaxed relaxed cuisine_mediterranean category_main meal_dinner diet_non_veg animal_protein high_protein_rich muscle_fuel low_sugar steady_glucose cod tryptophan gentle light dinner high protein cod fillet tender zucchini ribbons fresh dill virgin olive oil garlic,10.0
Grilled Lemon Herb Chicken with Brown Rice,Main,American,Dinner,Energetic,490,46.0,48.0,10.0,7.0,3.0,0,0,"Skinless chicken breast, steamed brown basmati rice, steamed fresh broccoli, olive oil","High-Protein, Pre-Workout, Clean-Fuel, Gluten-Free",mood_energetic mood_energetic mood_energetic energetic energetic cuisine_american category_main meal_dinner diet_non_veg animal_protein high_protein_rich muscle_fuel hearty_substantial high_energy high_fiber_satiety digestive_support low_sugar steady_glucose high protein pre workout clean fuel gluten free skinless chicken breast steamed brown basmati rice steamed fresh broccoli olive oil,9.39
Grilled Pacific Shrimp with Lemon Herb Quinoa,Main,Mediterranean,Dinner,Energetic,390,34.0,38.0,10.0,5.0,2.0,0,0,"Wild white shrimp, tri-color quinoa, Italian flat-leaf parsley, lemon zest, olive oil","Pre-Workout, High-Protein, Lean, Gluten-Free",mood_energetic mood_energetic mood_energetic energetic energetic cuisine_mediterranean category_main meal_dinner diet_non_veg animal_protein high_protein_rich muscle_fuel low_sugar steady_glucose pre workout high protein lean gluten free wild white shrimp tri color quinoa italian flat leaf parsley lemon zest olive oil,8.72
Artisanal Margherita Sourdough Flatbread,Main,Italian,Lunch,Happy,460,18.0,56.0,18.0,4.0,5.0,1,0,"San Marzano plum tomatoes, fresh buffalo mozzarella, sweet basil, sourdough olive crust","Flatbread, Pizza, Social, Sensory-Joy, Vegetarian",mood_happy mood_happy mood_happy happy happy cuisine_italian category_main meal_lunch diet_vegetarian plant_based balanced_protein hearty_substantial high_energy flatbread pizza social sensory joy vegetarian san marzano plum tomatoes fresh buffalo mozzarella sweet basil sourdough olive crust,3.91
Mediterranean Mezze Platter with Baked Falafel,Main,Mediterranean,Lunch,Happy,490,16.0,58.0,22.0,12.0,6.0,1,0,"Baked chickpea falafel, velvety hummus, kalamata olives, diced cucumbers, warm pita","Mezze, Social, High-Fiber, Vegan",mood_happy mood_happy mood_happy happy happy cuisine_mediterranean category_main meal_lunch diet_vegetarian plant_based balanced_protein hearty_substantial high_energy high_fiber_satiety digestive_support mezze social high fiber vegan baked chickpea falafel velvety hummus kalamata olives diced cucumbers warm pita,3.27
Vegetable Dum Biryani with Cool Mint Raita,Main,Indian,Lunch,Happy,480,13.0,72.0,14.0,7.0,5.0,1,1,"Aged basmati rice, green beans, carrots, saffron threads, fresh mint, cucumber raita","Biryani, Celebration, Social, Aromatic, Vegetarian",mood_happy mood_happy mood_happy happy happy cuisine_indian category_main meal_lunch diet_vegetarian plant_based balanced_protein hearty_substantial high_energy high_fiber_satiety digestive_support biryani celebration social aromatic vegetarian aged basmati rice green beans carrots saffron threads fresh mint cucumber raita,2.71
Baja Grilled White Fish Tacos with Purple Slaw,Main,Mexican,Lunch,Happy,440,28.0,42.0,16.0,6.0,4.0,0,1,"Grilled cod, stoneground corn tortillas, shaved purple cabbage, avocado crema, lime","Taco, Social, Lean-Protein, Gluten-Free",mood_happy mood_happy mood_happy happy happy cuisine_mexican category_main meal_lunch diet_non_veg animal_protein high_protein_rich muscle_fuel low_sugar steady_glucose taco social lean protein gluten free grilled cod stoneground corn tortillas shaved purple cabbage avocado crema lime,6.36
Tandoori Paneer Tikka with Mint Chutney,Main,Indian,Dinner,Happy,410,24.0,14.0,28.0,3.0,4.0,1,1,"Marinated paneer cheese blocks, Kashmiri chili, chickpea flour, lemon, green mint dip","Social, High-Protein, Vegetarian, Gluten-Free",mood_happy mood_happy mood_happy happy happy cuisine_indian category_main meal_dinner diet_vegetarian plant_based high_protein_rich muscle_fuel low_sugar steady_glucose social high protein vegetarian gluten free marinated paneer cheese blocks kashmiri chili chickpea flour lemon green mint dip,5.85
Oatmeal with Blueberries & Pumpkin Seeds,Breakfast,American,Breakfast,Stressed,320,11.0,48.0,9.0,8.0,10.0,1,0,"Rolled whole oats, wild blueberries, raw pumpkin seeds, almond milk, Ceylon cinnamon","Oatmeal, Pumpkin Seed, Magnesium, Antioxidant, Vegan",mood_stressed mood_stressed mood_stressed stressed stressed cuisine_american category_breakfast meal_breakfast diet_vegetarian plant_based high_fiber_satiety digestive_support oatmeal pumpkin seed magnesium antioxidant vegan rolled whole oats wild blueberries raw pumpkin seeds almond milk ceylon cinnamon,3.44
Banana Almond Butter High-Protein Oatmeal,Breakfast,American,Breakfast,Energetic,410,22.0,56.0,13.0,8.0,16.0,1,0,"Rolled oats, plant protein isolate, ripe banana, natural almond butter, cinnamon","Banana, Peanut Butter, Pre-Workout, Protein Bowl, Vegan",mood_energetic mood_energetic mood_energetic energetic energetic cuisine_american category_breakfast meal_breakfast diet_vegetarian plant_based high_protein_rich muscle_fuel high_fiber_satiety digestive_support banana peanut butter pre workout protein bowl vegan rolled oats plant protein isolate ripe banana natural almond butter cinnamon,5.37
Egg & Avocado Sprouted Whole-Grain Wrap,Breakfast,American,Breakfast,Tired,390,20.0,36.0,18.0,7.0,3.0,1,0,"Scrambled pasture eggs, sprouted tortilla, fresh avocado slices, baby spinach","Avocado Wrap, Egg, B-Vitamin, Clean-Protein, Vegetarian",mood_tired mood_tired mood_tired tired tired cuisine_american category_breakfast meal_breakfast diet_vegetarian plant_based high_protein_rich muscle_fuel high_fiber_satiety digestive_support low_sugar steady_glucose avocado wrap egg vitamin clean protein vegetarian scrambled pasture eggs sprouted tortilla fresh avocado slices baby spinach,5.13
Avocado Sourdough Toast with Raw Hemp Hearts,Breakfast,Continental,Breakfast,Stressed,330,9.0,34.0,18.0,9.0,2.0,1,0,"Artisan sourdough bread, mashed Hass avocado, raw hemp seeds, lemon juice, sea salt","Magnesium, Healthy-Fats, High-Fiber, Vegan",mood_stressed mood_stressed mood_stressed stressed stressed cuisine_continental category_breakfast meal_breakfast diet_vegetarian plant_based high_fiber_satiety digestive_support low_sugar steady_glucose magnesium healthy fats high fiber vegan artisan sourdough bread mashed hass avocado raw hemp seeds lemon juice sea salt,2.73
Greek Yogurt Parfait with Granola & Chia Seeds,Breakfast,Mediterranean,Breakfast,Energetic,340,24.0,42.0,9.0,5.0,14.0,1,0,"Nonfat strained Greek yogurt, artisan oat granola, black chia seeds, fresh blackberries","Pre-Workout, High-Protein, Vegetarian, Calcium-Rich",mood_energetic mood_energetic mood_energetic energetic energetic cuisine_mediterranean category_breakfast meal_breakfast diet_vegetarian plant_based high_protein_rich muscle_fuel pre workout high protein vegetarian calcium rich nonfat strained greek yogurt artisan oat granola black chia seeds fresh blackberries,7.06
Rainbow Acai Superfruit Breakfast Bowl,Breakfast,American,Breakfast,Happy,360,8.0,62.0,10.0,9.0,26.0,1,0,"Acai berry puree, ripe banana, golden kiwi slices, wild blueberries, black chia seeds","Acai, Antioxidant, Colorful, Vegan, Flavonoid",mood_happy mood_happy mood_happy happy happy cuisine_american category_breakfast meal_breakfast diet_vegetarian plant_based high_fiber_satiety digestive_support acai antioxidant colorful vegan flavonoid acai berry puree ripe banana golden kiwi slices wild blueberries black chia seeds,2.22
Hard Boiled Pasture Eggs with Everything Spice,Breakfast,American,Breakfast,Tired,150,13.0,2.0,10.0,1.0,1.0,1,0,"Two large pasture-raised eggs, poppy seeds, toasted sesame, garlic flakes, sea salt","Egg, Iron, High-Protein, Zero-Sugar, Vegetarian",mood_tired mood_tired mood_tired tired tired cuisine_american category_breakfast meal_breakfast diet_vegetarian plant_based balanced_protein light_meal low_calorie light_energy low_sugar steady_glucose egg iron high protein zero sugar vegetarian two large pasture raised eggs poppy seeds toasted sesame garlic flakes sea salt,8.67
Warm Steel-Cut Oats with Stewed Gala Apples,Breakfast,American,Breakfast,Stressed,340,9.0,54.0,11.0,7.0,14.0,1,0,"Steel-cut oats, cinnamon-stewed Gala apples, crushed raw walnuts, pure maple touch","Oatmeal, Walnut, Comforting, Serotonin-Support, Vegan",mood_stressed mood_stressed mood_stressed stressed stressed cuisine_american category_breakfast meal_breakfast diet_vegetarian plant_based high_fiber_satiety digestive_support oatmeal walnut comforting serotonin support vegan steel cut oats cinnamon stewed gala apples crushed raw walnuts pure maple touch,2.65
Whipped Ricotta Toast on Sourdough with Honey,Breakfast,Italian,Breakfast,Relaxed,290,12.0,38.0,10.0,3.0,12.0,1,0,"Country sourdough bread, whipped whole milk ricotta cheese, clover honey, sea salt","Tryptophan, Comforting, Vegetarian",mood_relaxed mood_relaxed mood_relaxed relaxed relaxed cuisine_italian category_breakfast meal_breakfast diet_vegetarian plant_based balanced_protein tryptophan comforting vegetarian country sourdough bread whipped whole milk ricotta cheese clover honey sea salt,4.14
Sprouted Moong Lentil Salad with Pomegranate,Salad,Indian,Lunch,Tired,270,14.0,42.0,4.0,10.0,12.0,1,0,"Sprouted green moong beans, ruby pomegranate arils, shredded carrots, lime juice","Sprout, Iron, Raw-Enzymes, Vegan, Gluten-Free",mood_tired mood_tired mood_tired tired tired cuisine_indian category_salad meal_lunch diet_vegetarian plant_based balanced_protein light_meal low_calorie light_energy high_fiber_satiety digestive_support sprout iron raw enzymes vegan gluten free sprouted green moong beans ruby pomegranate arils shredded carrots lime juice,5.19
"Roasted Beetroot, Walnut & Goat Cheese Salad",Salad,Mediterranean,Lunch,Stressed,340,11.0,28.0,20.0,6.0,16.0,1,0,"Roasted red beets, baby arugula, toasted walnuts, creamy goat cheese, aged balsamic","Beetroot, Nitrate, Walnut, Magnesium, Vegetarian",mood_stressed mood_stressed mood_stressed stressed stressed cuisine_mediterranean category_salad meal_lunch diet_vegetarian plant_based beetroot nitrate walnut magnesium vegetarian roasted red beets baby arugula toasted walnuts creamy goat cheese aged balsamic,3.24
Crispy Spiced Chickpea & Tuscan Kale Salad,Salad,Mediterranean,Lunch,Energetic,360,16.0,44.0,14.0,11.0,4.0,1,1,"Paprika roasted chickpeas, chopped lacinato kale, tahini lemon dressing, sunflower seeds","Iron, Pre-Workout, Protein Bowl, Vegan",mood_energetic mood_energetic mood_energetic energetic energetic cuisine_mediterranean category_salad meal_lunch diet_vegetarian plant_based balanced_protein high_fiber_satiety digestive_support low_sugar steady_glucose iron pre workout protein bowl vegan paprika roasted chickpeas chopped lacinato kale tahini lemon dressing sunflower seeds,4.44
Italian Caprese Salad with Buffalo Mozzarella,Salad,Italian,Lunch,Happy,310,16.0,8.0,24.0,2.0,5.0,1,0,"Vine heirloom tomatoes, fresh water buffalo mozzarella, sweet basil, balsamic glaze","Social, Fresh-Simplicity, High-Calcium, Vegetarian",mood_happy mood_happy mood_happy happy happy cuisine_italian category_salad meal_lunch diet_vegetarian plant_based balanced_protein social fresh simplicity high calcium vegetarian vine heirloom tomatoes fresh water buffalo mozzarella sweet basil balsamic glaze,5.16
Golden Turmeric Spiced Warm Almond Milk,Beverage,Indian,Snack,Stressed,160,6.0,16.0,7.0,1.0,12.0,1,0,"Almond milk, ground turmeric root, black pepper, cinnamon, raw honey, cardamom","Anti-Stress, Calming, Anti-Inflammatory, Vegetarian",mood_stressed mood_stressed mood_stressed stressed stressed cuisine_indian category_beverage meal_snack diet_vegetarian plant_based light_meal low_calorie light_energy anti stress calming anti inflammatory vegetarian almond milk ground turmeric root black pepper cinnamon raw honey cardamom,3.75
Organic Chamomile Peppermint Herbal Infusion,Beverage,Continental,Snack,Stressed,10,0.0,2.0,0.0,0.0,0.0,1,0,"Whole dried chamomile flower heads, crushed spearmint and peppermint leaves, pure water","Chamomile, Peppermint, Soothing, Caffeine-Free, Vegan",mood_stressed mood_stressed mood_stressed stressed stressed cuisine_continental category_beverage meal_snack diet_vegetarian plant_based light_meal low_calorie light_energy low_sugar steady_glucose chamomile peppermint soothing caffeine free vegan whole dried chamomile flower heads crushed spearmint peppermint leaves pure water,0.0
Ceremonial Matcha Oat Milk Green Tea Latte,Beverage,Asian,Snack,Tired,180,4.0,26.0,6.0,3.0,12.0,1,0,"Ceremonial Japanese matcha, barista oat milk, organic blue agave, vanilla extract","Matcha, Iron, Sustained-Focus, Vegan",mood_tired mood_tired mood_tired tired tired cuisine_asian category_beverage meal_snack diet_vegetarian plant_based light_meal low_calorie light_energy matcha iron sustained focus vegan ceremonial japanese matcha barista oat milk organic blue agave vanilla extract,2.22
"Raw Beetroot, Ginger & Orange Performance Juice",Beverage,Continental,Snack,Energetic,190,4.0,42.0,1.0,5.0,28.0,1,0,"Cold-pressed red beet juice, Valencia orange juice, tender coconut water, fresh ginger","Beetroot, Nitrate, Electrolyte, Pre-Workout, Vegan",mood_energetic mood_energetic mood_energetic energetic energetic cuisine_continental category_beverage meal_snack diet_vegetarian plant_based light_meal low_calorie light_energy beetroot nitrate electrolyte pre workout vegan cold pressed red beet juice valencia orange juice tender coconut water fresh ginger,2.11
Natural Tender Coconut Water with Fresh Lime,Beverage,Asian,Snack,Energetic,60,1.0,14.0,0.0,1.0,11.0,1,0,"Raw tender green coconut water, Persian lime juice, Himalayan pink salt pinch","Coconut Water, Electrolyte, Hydrating, Potassium, Vegan",mood_energetic mood_energetic mood_energetic energetic energetic cuisine_asian category_beverage meal_snack diet_vegetarian plant_based light_meal low_calorie light_energy coconut water electrolyte hydrating potassium vegan raw tender green coconut water persian lime juice himalayan pink salt pinch,1.67
Sparkling Wild Raspberry Garden Mint Spritzer,Beverage,Continental,Snack,Happy,70,1.0,18.0,0.0,3.0,13.0,1,0,"Sparkling mineral water, muddled red raspberries, fresh garden mint, lime splash","Berry, Social, Refreshing, Flavonoid, Vegan",mood_happy mood_happy mood_happy happy happy cuisine_continental category_beverage meal_snack diet_vegetarian plant_based light_meal low_calorie light_energy berry social refreshing flavonoid vegan sparkling mineral water muddled red raspberries fresh garden mint lime splash,1.43
Caffeine-Free Rooibos Chai with Steamed Oat Milk,Beverage,Indian,Snack,Relaxed,140,3.0,22.0,4.0,1.0,14.0,1,0,"Red rooibos tea, oat milk, crushed green cardamom pods, cinnamon, clove, honey","Soothing-Aromas, Calming, Tryptophan, Vegetarian",mood_relaxed mood_relaxed mood_relaxed relaxed relaxed cuisine_indian category_beverage meal_snack diet_vegetarian plant_based light_meal low_calorie light_energy soothing aromas calming tryptophan vegetarian red rooibos tea oat milk crushed green cardamom pods cinnamon clove honey,2.14
Fresh Organic Strawberries in 72% Dark Chocolate,Dessert,Continental,Snack,Happy,190,3.0,26.0,10.0,4.0,18.0,1,0,"Organic ripe strawberries, 72% dark bittersweet chocolate, flaky sea salt","Dark Chocolate, Strawberry, Flavonoid, Endorphin-Boost, Vegan",mood_happy mood_happy mood_happy happy happy cuisine_continental category_dessert meal_snack diet_vegetarian plant_based light_meal low_calorie light_energy dark chocolate strawberry flavonoid endorphin boost vegan organic ripe strawberries 72 dark bittersweet chocolate flaky sea salt,1.58
Dark Chocolate & Walnut Magnesium Energy Bites,Snack,American,Snack,Stressed,210,5.0,22.0,12.0,4.0,12.0,1,0,"72% dark chocolate chips, raw English walnuts, medjool dates, rolled oats","Dark Chocolate, Walnut, Magnesium, Anti-Stress, Vegan",mood_stressed mood_stressed mood_stressed stressed stressed cuisine_american category_snack meal_snack diet_vegetarian plant_based light_meal low_calorie light_energy dark chocolate walnut magnesium anti stress vegan 72 dark chocolate chips raw english walnuts medjool dates rolled oats,2.38
Fresh Guacamole with Stoneground Tortilla Chips,Snack,Mexican,Snack,Happy,320,4.0,36.0,18.0,7.0,2.0,1,1,"Hass avocados, lime juice, jalapeño, sea salt, organic corn tortilla chips","Social, Shareable, Heart-Healthy-Fats, Vegan",mood_happy mood_happy mood_happy happy happy cuisine_mexican category_snack meal_snack diet_vegetarian plant_based high_fiber_satiety digestive_support low_sugar steady_glucose social shareable heart healthy fats vegan hass avocados lime juice jalapeo sea salt organic corn tortilla chips,1.25
Hummus with Whole-Wheat Pita & Toasted Pepitas,Snack,Mediterranean,Snack,Tired,310,12.0,38.0,14.0,8.0,3.0,1,0,"Chickpea hummus, sesame tahini, whole-wheat pita bread, toasted pepitas, paprika","Pumpkin Seed, Iron, B-Vitamin, Vegan",mood_tired mood_tired mood_tired tired tired cuisine_mediterranean category_snack meal_snack diet_vegetarian plant_based balanced_protein high_fiber_satiety digestive_support low_sugar steady_glucose pumpkin seed iron vitamin vegan chickpea hummus sesame tahini whole wheat pita bread toasted pepitas paprika,3.87
Spiced Dry-Roasted Almonds with Smoked Paprika,Snack,Continental,Snack,Energetic,210,7.0,7.0,18.0,4.0,1.0,1,1,"Dry-roasted whole California almonds, smoked Spanish paprika, sea salt","Pre-Workout, Quick-Fuel, Keto-Friendly, Vegan",mood_energetic mood_energetic mood_energetic energetic energetic cuisine_continental category_snack meal_snack diet_vegetarian plant_based light_meal low_calorie light_energy low_sugar steady_glucose pre workout quick fuel keto friendly vegan dry roasted whole california almonds smoked spanish paprika sea salt,3.33
Warm Roasted Sweet Potato Mash with Cinnamon,Side,American,Dinner,Low Mood,240,4.0,52.0,3.0,7.0,14.0,1,0,"Roasted sweet potatoes, Ceylon cinnamon, warm unsweetened almond milk, sea salt","Sweet Potato Mash, Restorative, Comforting, Serotonin-Support, Vegan",mood_low_mood mood_low_mood mood_low_mood low_mood low_mood cuisine_american category_side meal_dinner diet_vegetarian plant_based light_meal low_calorie light_energy high_fiber_satiety digestive_support sweet potato mash restorative comforting serotonin support vegan roasted sweet potatoes ceylon cinnamon warm unsweetened almond milk sea salt,1.67
Light Warm Lentil & Baby Spinach Soup,Soup,Mediterranean,Dinner,Stressed,289,16.2,36.8,4.9,11.0,4.0,1,0,"Brown lentils, baby spinach, minced garlic, extra virgin olive oil, lemon, cumin","High-Fiber, Magnesium, Vegan, Anti-Stress, Lower-Calorie, Light-Portion",mood_stressed mood_stressed mood_stressed stressed stressed cuisine_mediterranean category_soup meal_dinner diet_vegetarian plant_based balanced_protein high_fiber_satiety digestive_support low_sugar steady_glucose high fiber magnesium vegan anti stress lower calorie light portion brown lentils baby spinach minced garlic extra virgin olive oil lemon cumin,5.61
Light Ginger Simmered Chicken Broth with Rice,Soup,Asian,Dinner,Low Mood,289,23.4,30.4,5.6,3.0,2.0,0,0,"Poached chicken breast, white jasmine rice, sliced young ginger, scallions","Restorative, Broth, Gut-Friendly, Gluten-Free, Lower-Calorie, Light-Portion",mood_low_mood mood_low_mood mood_low_mood low_mood low_mood cuisine_asian category_soup meal_dinner diet_non_veg animal_protein high_protein_rich muscle_fuel low_sugar steady_glucose restorative broth gut friendly gluten free lower calorie light portion poached chicken breast white jasmine rice sliced young ginger scallions,8.1
Light Creamy Roasted Pumpkin Soup with Pepitas,Soup,Continental,Dinner,Relaxed,238,5.4,30.4,7.7,6.0,8.0,1,0,"Roasted sugar pumpkin, light coconut milk, pumpkin seed pepitas, nutmeg","Tryptophan, Soothing, Vegan, Gluten-Free, Lower-Calorie, Light-Portion",mood_relaxed mood_relaxed mood_relaxed relaxed relaxed cuisine_continental category_soup meal_dinner diet_vegetarian plant_based light_meal low_calorie light_energy tryptophan soothing vegan gluten free lower calorie light portion roasted sugar pumpkin light coconut milk pumpkin seed pepitas nutmeg,2.27
Light Homestyle Garden Vegetable Noodle Soup,Soup,American,Lunch,Low Mood,221,7.2,35.2,3.5,5.0,4.0,1,0,"Whole-wheat ribbon noodles, diced carrots, celery, fragrant herb vegetable broth","Noodle Soup, Restorative, Warm-Comfort, Vegetarian, Lower-Calorie, Light-Portion",mood_low_mood mood_low_mood mood_low_mood low_mood low_mood cuisine_american category_soup meal_lunch diet_vegetarian plant_based light_meal low_calorie light_energy low_sugar steady_glucose noodle soup restorative warm comfort vegetarian lower calorie light portion whole wheat ribbon noodles diced carrots celery fragrant herb vegetable broth,3.26
Light Fermented Miso Soup with Silken Tofu & Wakame,Soup,Asian,Lunch,Low Mood,119,8.1,9.6,2.8,3.0,2.0,1,0,"Naturally fermented white miso, silken tofu cubes, wakame seaweed, spring green onions","Probiotic, Gut-Health, Low-Calorie, Vegan, Lower-Calorie, Light-Portion",mood_low_mood mood_low_mood mood_low_mood low_mood low_mood cuisine_asian category_soup meal_lunch diet_vegetarian plant_based light_meal low_calorie light_energy low_sugar steady_glucose probiotic gut health low calorie vegan lower calorie light portion naturally fermented white miso silken tofu cubes wakame seaweed spring green onions,6.81
Light Tuscan White Bean & Tomato Minestrone,Soup,Italian,Dinner,Low Mood,264,12.6,40.0,4.2,10.0,5.0,1,0,"Cannellini beans, stewed plum tomatoes, zucchini, whole grain ditalini pasta, basil","Cannellini, High-Fiber, Soothing, Mediterranean-Diet, Vegan, Lower-Calorie, Light-Portion",mood_low_mood mood_low_mood mood_low_mood low_mood low_mood cuisine_italian category_soup meal_dinner diet_vegetarian plant_based balanced_protein light_meal low_calorie light_energy high_fiber_satiety digestive_support cannellini high fiber soothing mediterranean diet vegan lower calorie light portion cannellini beans stewed plum tomatoes zucchini whole grain ditalini pasta basil,4.77
Light Spiced Black Bean Soup with Crispy Tortillas,Soup,Mexican,Lunch,Tired,280,15.3,41.6,4.2,14.0,3.0,1,1,"Simmered black beans, cumin, Mexican oregano, baked corn tortilla crisps, cilantro","Black Bean, Iron, High-Fiber, Vegan, Gluten-Free, Lower-Calorie, Light-Portion",mood_tired mood_tired mood_tired tired tired cuisine_mexican category_soup meal_lunch diet_vegetarian plant_based balanced_protein light_meal low_calorie light_energy high_fiber_satiety digestive_support low_sugar steady_glucose black bean iron high fiber vegan gluten free lower calorie light portion simmered black beans cumin mexican oregano baked corn tortilla crisps cilantro,5.46
Light Silken Tofu & Enoki Mushroom Dashi,Soup,Asian,Dinner,Relaxed,144,12.6,9.6,3.5,3.0,2.0,1,0,"Silken tofu, enoki mushrooms, kombu vegetable dashi broth, scallions","Gentle, Calming, Tryptophan, Ultra-Light, Vegan, Lower-Calorie, Light-Portion",mood_relaxed mood_relaxed mood_relaxed relaxed relaxed cuisine_asian category_soup meal_dinner diet_vegetarian plant_based balanced_protein light_meal low_calorie light_energy low_sugar steady_glucose gentle calming tryptophan ultra light vegan lower calorie light portion silken tofu enoki mushrooms kombu vegetable dashi broth scallions,8.75
Light Quinoa & Black Bean Burrito Power Bowl,Bowl,Mexican,Lunch,Tired,391,16.2,56.0,7.7,15.0,4.0,1,1,"White quinoa, spiced simmered black beans, roasted corn, guacamole, salsa verde","Burrito, Iron, Sustained-Energy, High-Fiber, Vegan, Lower-Calorie, Light-Portion",mood_tired mood_tired mood_tired tired tired cuisine_mexican category_bowl meal_lunch diet_vegetarian plant_based balanced_protein high_fiber_satiety digestive_support low_sugar steady_glucose burrito iron sustained energy high fiber vegan lower calorie light portion white quinoa spiced simmered black beans roasted corn guacamole salsa verde,4.14
Light Roasted Sweet Potato & Black Bean Bowl,Bowl,Mexican,Lunch,Stressed,357,12.6,54.4,6.3,14.0,9.0,1,1,"Garnet sweet potatoes, black beans, sweet corn, cilantro, lime vinaigrette","Magnesium, Complex-Carbs, Vegan, Gluten-Free, Lower-Calorie, Light-Portion",mood_stressed mood_stressed mood_stressed stressed stressed cuisine_mexican category_bowl meal_lunch diet_vegetarian plant_based balanced_protein high_fiber_satiety digestive_support magnesium complex carbs vegan gluten free lower calorie light portion garnet sweet potatoes black beans sweet corn cilantro lime vinaigrette,3.53
Light Grilled Lemon Herb Chicken & Quinoa Power Bowl,Bowl,American,Lunch,Energetic,408,41.4,36.8,8.4,7.0,3.0,0,0,"Grilled chicken breast, Andean tricolor quinoa, massaged kale, avocado, lemon tahini","Protein Bowl, Pre-Workout, High-Protein, Lean-Muscle, Lower-Calorie, Light-Portion",mood_energetic mood_energetic mood_energetic energetic energetic cuisine_american category_bowl meal_lunch diet_non_veg animal_protein high_protein_rich muscle_fuel high_fiber_satiety digestive_support low_sugar steady_glucose protein bowl pre workout high protein lean muscle lower calorie light portion grilled chicken breast andean tricolor quinoa massaged kale avocado lemon tahini,10.15
Light South Indian Tempered Curd Rice with Pomegranate,Bowl,Indian,Lunch,Low Mood,264,8.1,41.6,4.9,3.0,6.0,1,0,"Cooked basmati rice, probiotic whole curd yogurt, mustard seeds, curry leaves, pomegranate","Curd, Probiotic, Gut-Brain, Ayurvedic, Vegetarian, Lower-Calorie, Light-Portion",mood_low_mood mood_low_mood mood_low_mood low_mood low_mood cuisine_indian category_bowl meal_lunch diet_vegetarian plant_based light_meal low_calorie light_energy curd probiotic gut brain ayurvedic vegetarian lower calorie light portion cooked basmati rice probiotic whole curd yogurt mustard seeds curry leaves pomegranate,3.07
Light Chamomile Steamed Tofu & Brown Jasmine Rice,Bowl,Asian,Dinner,Stressed,332,18.9,39.2,6.3,6.0,2.0,1,0,"Firm tofu cubes, brown jasmine rice, chamomile herbal broth, baby bok choy, sesame oil","Chamomile, Calming, Magnesium, Plant-Protein, Vegan, Lower-Calorie, Light-Portion",mood_stressed mood_stressed mood_stressed stressed stressed cuisine_asian category_bowl meal_dinner diet_vegetarian plant_based balanced_protein low_sugar steady_glucose chamomile calming magnesium plant protein vegan lower calorie light portion firm tofu cubes brown jasmine rice chamomile herbal broth baby bok choy sesame oil,5.69
Light Fragrant Jasmine Rice with Steamed Sesame Greens,Bowl,Asian,Dinner,Relaxed,289,7.2,49.6,4.2,5.0,3.0,1,0,"Thai jasmine rice, baby bok choy, sugar snap peas, cold-pressed sesame oil","Jasmine Rice, Gentle, Easy-Digestion, Tryptophan, Vegan, Lower-Calorie, Light-Portion",mood_relaxed mood_relaxed mood_relaxed relaxed relaxed cuisine_asian category_bowl meal_dinner diet_vegetarian plant_based low_sugar steady_glucose jasmine rice gentle easy digestion tryptophan vegan lower calorie light portion thai jasmine rice baby bok choy sugar snap peas cold pressed sesame oil,2.49
Light Buckwheat Soba & Edamame Protein Bowl,Bowl,Asian,Lunch,Energetic,357,18.0,49.6,7.0,8.0,5.0,1,0,"100% buckwheat soba noodles, steamed edamame, purple cabbage, sesame ginger vinaigrette","Protein Bowl, Pre-Workout, Clean-Carbs, Vegan, Lower-Calorie, Light-Portion",mood_energetic mood_energetic mood_energetic energetic energetic cuisine_asian category_bowl meal_lunch diet_vegetarian plant_based balanced_protein high_fiber_satiety digestive_support protein bowl pre workout clean carbs vegan lower calorie light portion 100 buckwheat soba noodles steamed edamame purple cabbage sesame ginger vinaigrette,5.04
Light Spinach & Moong Dal Khichdi with Ghee,Curry,Indian,Dinner,Stressed,306,13.5,43.2,5.6,8.0,2.0,1,0,"Yellow moong lentils, basmati rice, fresh spinach, turmeric, cumin seeds, pure cow ghee","Spinach, Lentil, Magnesium, Ayurvedic-Comfort, Soothing, Lower-Calorie, Light-Portion",mood_stressed mood_stressed mood_stressed stressed stressed cuisine_indian category_curry meal_dinner diet_vegetarian plant_based balanced_protein high_fiber_satiety digestive_support low_sugar steady_glucose spinach lentil magnesium ayurvedic comfort soothing lower calorie light portion yellow moong lentils basmati rice fresh spinach turmeric cumin seeds pure cow ghee,4.41
Light Homestyle Yellow Toor Dal with Cumin Rice,Curry,Indian,Dinner,Relaxed,323,12.6,48.0,4.9,9.0,3.0,1,0,"Yellow toor dal lentils, steamed basmati rice, toasted cumin, mild turmeric, ripe tomato","Lentil, Traditional-Comfort, Tryptophan, Gentle, Vegan, Lower-Calorie, Light-Portion",mood_relaxed mood_relaxed mood_relaxed relaxed relaxed cuisine_indian category_curry meal_dinner diet_vegetarian plant_based balanced_protein high_fiber_satiety digestive_support low_sugar steady_glucose lentil traditional comfort tryptophan gentle vegan lower calorie light portion yellow toor dal lentils steamed basmati rice toasted cumin mild turmeric ripe tomato,3.9
Light Iron-Rich Palak Paneer with Whole Wheat Roti,Curry,Indian,Dinner,Tired,357,18.0,30.4,15.4,7.0,4.0,1,1,"Fresh spinach puree, paneer cheese, whole wheat flour roti, garlic, garam masala","Iron, B-Vitamin, High-Protein, Vegetarian, Lower-Calorie, Light-Portion",mood_tired mood_tired mood_tired tired tired cuisine_indian category_curry meal_dinner diet_vegetarian plant_based balanced_protein high_fiber_satiety digestive_support low_sugar steady_glucose iron vitamin high protein vegetarian lower calorie light portion fresh spinach puree paneer cheese whole wheat flour roti garlic garam masala,5.04
Light Wild Atlantic Salmon with Steamed Asparagus,Main,Continental,Dinner,Stressed,408,34.2,9.6,18.2,5.0,2.0,0,0,"Wild salmon fillet, green asparagus spears, virgin olive oil, lemon zest, sea salt","Salmon, Omega-3, Magnesium, High-Protein, Gluten-Free, Lower-Calorie, Light-Portion",mood_stressed mood_stressed mood_stressed stressed stressed cuisine_continental category_main meal_dinner diet_non_veg animal_protein high_protein_rich muscle_fuel low_sugar steady_glucose salmon omega magnesium high protein gluten free lower calorie light portion wild salmon fillet green asparagus spears virgin olive oil lemon zest sea salt,8.38
Light Herbal Baked Atlantic Cod with Zucchini,Main,Mediterranean,Dinner,Relaxed,306,32.4,11.2,11.2,4.0,4.0,0,0,"Cod fillet, tender zucchini ribbons, fresh dill, virgin olive oil, garlic","Cod, Tryptophan, Gentle, Light-Dinner, High-Protein, Lower-Calorie, Light-Portion",mood_relaxed mood_relaxed mood_relaxed relaxed relaxed cuisine_mediterranean category_main meal_dinner diet_non_veg animal_protein high_protein_rich muscle_fuel low_sugar steady_glucose cod tryptophan gentle light dinner high protein lower calorie light portion cod fillet tender zucchini ribbons fresh dill virgin olive oil garlic,10.59
Light Grilled Lemon Herb Chicken with Brown Rice,Main,American,Dinner,Energetic,416,41.4,38.4,7.0,7.0,3.0,0,0,"Skinless chicken breast, steamed brown basmati rice, steamed fresh broccoli, olive oil","High-Protein, Pre-Workout, Clean-Fuel, Gluten-Free, Lower-Calorie, Light-Portion",mood_energetic mood_energetic mood_energetic energetic energetic cuisine_american category_main meal_dinner diet_non_veg animal_protein high_protein_rich muscle_fuel high_fiber_satiety digestive_support low_sugar steady_glucose high protein pre workout clean fuel gluten free lower calorie light portion skinless chicken breast steamed brown basmati rice steamed fresh broccoli olive oil,9.95
Light Grilled Pacific Shrimp with Lemon Herb Quinoa,Main,Mediterranean,Dinner,Energetic,332,30.6,30.4,7.0,5.0,2.0,0,0,"Wild white shrimp, tri-color quinoa, Italian flat-leaf parsley, lemon zest, olive oil","Pre-Workout, High-Protein, Lean, Gluten-Free, Lower-Calorie, Light-Portion",mood_energetic mood_energetic mood_energetic energetic energetic cuisine_mediterranean category_main meal_dinner diet_non_veg animal_protein high_protein_rich muscle_fuel low_sugar steady_glucose pre workout high protein lean gluten free lower calorie light portion wild white shrimp tri color quinoa italian flat leaf parsley lemon zest olive oil,9.22
Light Artisanal Margherita Sourdough Flatbread,Main,Italian,Lunch,Happy,391,16.2,44.8,12.6,4.0,5.0,1,0,"San Marzano plum tomatoes, fresh buffalo mozzarella, sweet basil, sourdough olive crust","Flatbread, Pizza, Social, Sensory-Joy, Vegetarian, Lower-Calorie, Light-Portion",mood_happy mood_happy mood_happy happy happy cuisine_italian category_main meal_lunch diet_vegetarian plant_based balanced_protein flatbread pizza social sensory joy vegetarian lower calorie light portion san marzano plum tomatoes fresh buffalo mozzarella sweet basil sourdough olive crust,4.14
Light Mediterranean Mezze Platter with Baked Falafel,Main,Mediterranean,Lunch,Happy,416,14.4,46.4,15.4,12.0,6.0,1,0,"Baked chickpea falafel, velvety hummus, kalamata olives, diced cucumbers, warm pita","Mezze, Social, High-Fiber, Vegan, Lower-Calorie, Light-Portion",mood_happy mood_happy mood_happy happy happy cuisine_mediterranean category_main meal_lunch diet_vegetarian plant_based balanced_protein high_fiber_satiety digestive_support mezze social high fiber vegan lower calorie light portion baked chickpea falafel velvety hummus kalamata olives diced cucumbers warm pita,3.46
Light Vegetable Dum Biryani with Cool Mint Raita,Main,Indian,Lunch,Happy,408,11.7,57.6,9.8,7.0,5.0,1,1,"Aged basmati rice, green beans, carrots, saffron threads, fresh mint, cucumber raita","Biryani, Celebration, Social, Aromatic, Vegetarian, Lower-Calorie, Light-Portion",mood_happy mood_happy mood_happy happy happy cuisine_indian category_main meal_lunch diet_vegetarian plant_based high_fiber_satiety digestive_support biryani celebration social aromatic vegetarian lower calorie light portion aged basmati rice green beans carrots saffron threads fresh mint cucumber raita,2.87
Light Baja Grilled White Fish Tacos with Purple Slaw,Main,Mexican,Lunch,Happy,374,25.2,33.6,11.2,6.0,4.0,0,1,"Grilled cod, stoneground corn tortillas, shaved purple cabbage, avocado crema, lime","Taco, Social, Lean-Protein, Gluten-Free, Lower-Calorie, Light-Portion",mood_happy mood_happy mood_happy happy happy cuisine_mexican category_main meal_lunch diet_non_veg animal_protein high_protein_rich muscle_fuel low_sugar steady_glucose taco social lean protein gluten free lower calorie light portion grilled cod stoneground corn tortillas shaved purple cabbage avocado crema lime,6.74
Light Tandoori Paneer Tikka with Mint Chutney,Main,Indian,Dinner,Happy,348,21.6,11.2,19.6,3.0,4.0,1,1,"Marinated paneer cheese blocks, Kashmiri chili, chickpea flour, lemon, green mint dip","Social, High-Protein, Vegetarian, Gluten-Free, Lower-Calorie, Light-Portion",mood_happy mood_happy mood_happy happy happy cuisine_indian category_main meal_dinner diet_vegetarian plant_based high_protein_rich muscle_fuel low_sugar steady_glucose social high protein vegetarian gluten free lower calorie light portion marinated paneer cheese blocks kashmiri chili chickpea flour lemon green mint dip,6.21
Light Oatmeal with Blueberries & Pumpkin Seeds,Breakfast,American,Breakfast,Stressed,272,9.9,38.4,6.3,8.0,10.0,1,0,"Rolled whole oats, wild blueberries, raw pumpkin seeds, almond milk, Ceylon cinnamon","Oatmeal, Pumpkin Seed, Magnesium, Antioxidant, Vegan, Lower-Calorie, Light-Portion",mood_stressed mood_stressed mood_stressed stressed stressed cuisine_american category_breakfast meal_breakfast diet_vegetarian plant_based light_meal low_calorie light_energy high_fiber_satiety digestive_support oatmeal pumpkin seed magnesium antioxidant vegan lower calorie light portion rolled whole oats wild blueberries raw pumpkin seeds almond milk ceylon cinnamon,3.64
Light Banana Almond Butter High-Protein Oatmeal,Breakfast,American,Breakfast,Energetic,348,19.8,44.8,9.1,8.0,16.0,1,0,"Rolled oats, plant protein isolate, ripe banana, natural almond butter, cinnamon","Banana, Peanut Butter, Pre-Workout, Protein Bowl, Vegan, Lower-Calorie, Light-Portion",mood_energetic mood_energetic mood_energetic energetic energetic cuisine_american category_breakfast meal_breakfast diet_vegetarian plant_based balanced_protein high_fiber_satiety digestive_support banana peanut butter pre workout protein bowl vegan lower calorie light portion rolled oats plant protein isolate ripe banana natural almond butter cinnamon,5.69
Light Egg & Avocado Sprouted Whole-Grain Wrap,Breakfast,American,Breakfast,Tired,332,18.0,28.8,12.6,7.0,3.0,1,0,"Scrambled pasture eggs, sprouted tortilla, fresh avocado slices, baby spinach","Avocado Wrap, Egg, B-Vitamin, Clean-Protein, Vegetarian, Lower-Calorie, Light-Portion",mood_tired mood_tired mood_tired tired tired cuisine_american category_breakfast meal_breakfast diet_vegetarian plant_based balanced_protein high_fiber_satiety digestive_support low_sugar steady_glucose avocado wrap egg vitamin clean protein vegetarian lower calorie light portion scrambled pasture eggs sprouted tortilla fresh avocado slices baby spinach,5.42
Light Avocado Sourdough Toast with Raw Hemp Hearts,Breakfast,Continental,Breakfast,Stressed,280,8.1,27.2,12.6,9.0,2.0,1,0,"Artisan sourdough bread, mashed Hass avocado, raw hemp seeds, lemon juice, sea salt","Magnesium, Healthy-Fats, High-Fiber, Vegan, Lower-Calorie, Light-Portion",mood_stressed mood_stressed mood_stressed stressed stressed cuisine_continental category_breakfast meal_breakfast diet_vegetarian plant_based light_meal low_calorie light_energy high_fiber_satiety digestive_support low_sugar steady_glucose magnesium healthy fats high fiber vegan lower calorie light portion artisan sourdough bread mashed hass avocado raw hemp seeds lemon juice sea salt,2.89
Light Greek Yogurt Parfait with Granola & Chia Seeds,Breakfast,Mediterranean,Breakfast,Energetic,289,21.6,33.6,6.3,5.0,14.0,1,0,"Nonfat strained Greek yogurt, artisan oat granola, black chia seeds, fresh blackberries","Pre-Workout, High-Protein, Vegetarian, Calcium-Rich, Lower-Calorie, Light-Portion",mood_energetic mood_energetic mood_energetic energetic energetic cuisine_mediterranean category_breakfast meal_breakfast diet_vegetarian plant_based high_protein_rich muscle_fuel pre workout high protein vegetarian calcium rich lower calorie light portion nonfat strained greek yogurt artisan oat granola black chia seeds fresh blackberries,7.47
Light Rainbow Acai Superfruit Breakfast Bowl,Breakfast,American,Breakfast,Happy,306,7.2,49.6,7.0,9.0,26.0,1,0,"Acai berry puree, ripe banana, golden kiwi slices, wild blueberries, black chia seeds","Acai, Antioxidant, Colorful, Vegan, Flavonoid, Lower-Calorie, Light-Portion",mood_happy mood_happy mood_happy happy happy cuisine_american category_breakfast meal_breakfast diet_vegetarian plant_based high_fiber_satiety digestive_support acai antioxidant colorful vegan flavonoid lower calorie light portion acai berry puree ripe banana golden kiwi slices wild blueberries black chia seeds,2.35
Light Hard Boiled Pasture Eggs with Everything Spice,Breakfast,American,Breakfast,Tired,128,11.7,1.6,7.0,1.0,1.0,1,0,"Two large pasture-raised eggs, poppy seeds, toasted sesame, garlic flakes, sea salt","Egg, Iron, High-Protein, Zero-Sugar, Vegetarian, Lower-Calorie, Light-Portion",mood_tired mood_tired mood_tired tired tired cuisine_american category_breakfast meal_breakfast diet_vegetarian plant_based light_meal low_calorie light_energy low_sugar steady_glucose egg iron high protein zero sugar vegetarian lower calorie light portion two large pasture raised eggs poppy seeds toasted sesame garlic flakes sea salt,9.14
Light Warm Steel-Cut Oats with Stewed Gala Apples,Breakfast,American,Breakfast,Stressed,289,8.1,43.2,7.7,7.0,14.0,1,0,"Steel-cut oats, cinnamon-stewed Gala apples, crushed raw walnuts, pure maple touch","Oatmeal, Walnut, Comforting, Serotonin-Support, Vegan, Lower-Calorie, Light-Portion",mood_stressed mood_stressed mood_stressed stressed stressed cuisine_american category_breakfast meal_breakfast diet_vegetarian plant_based high_fiber_satiety digestive_support oatmeal walnut comforting serotonin support vegan lower calorie light portion steel cut oats cinnamon stewed gala apples crushed raw walnuts pure maple touch,2.8
Light Whipped Ricotta Toast on Sourdough with Honey,Breakfast,Italian,Breakfast,Relaxed,246,10.8,30.4,7.0,3.0,12.0,1,0,"Country sourdough bread, whipped whole milk ricotta cheese, clover honey, sea salt","Tryptophan, Comforting, Vegetarian, Lower-Calorie, Light-Portion",mood_relaxed mood_relaxed mood_relaxed relaxed relaxed cuisine_italian category_breakfast meal_breakfast diet_vegetarian plant_based light_meal low_calorie light_energy tryptophan comforting vegetarian lower calorie light portion country sourdough bread whipped whole milk ricotta cheese clover honey sea salt,4.39
Light Sprouted Moong Lentil Salad with Pomegranate,Salad,Indian,Lunch,Tired,230,12.6,33.6,2.8,10.0,12.0,1,0,"Sprouted green moong beans, ruby pomegranate arils, shredded carrots, lime juice","Sprout, Iron, Raw-Enzymes, Vegan, Gluten-Free, Lower-Calorie, Light-Portion",mood_tired mood_tired mood_tired tired tired cuisine_indian category_salad meal_lunch diet_vegetarian plant_based balanced_protein light_meal low_calorie light_energy high_fiber_satiety digestive_support sprout iron raw enzymes vegan gluten free lower calorie light portion sprouted green moong beans ruby pomegranate arils shredded carrots lime juice,5.48
"Light Roasted Beetroot, Walnut & Goat Cheese Salad",Salad,Mediterranean,Lunch,Stressed,289,9.9,22.4,14.0,6.0,16.0,1,0,"Roasted red beets, baby arugula, toasted walnuts, creamy goat cheese, aged balsamic","Beetroot, Nitrate, Walnut, Magnesium, Vegetarian, Lower-Calorie, Light-Portion",mood_stressed mood_stressed mood_stressed stressed stressed cuisine_mediterranean category_salad meal_lunch diet_vegetarian plant_based beetroot nitrate walnut magnesium vegetarian lower calorie light portion roasted red beets baby arugula toasted walnuts creamy goat cheese aged balsamic,3.43
Light Crispy Spiced Chickpea & Tuscan Kale Salad,Salad,Mediterranean,Lunch,Energetic,306,14.4,35.2,9.8,11.0,4.0,1,1,"Paprika roasted chickpeas, chopped lacinato kale, tahini lemon dressing, sunflower seeds","Iron, Pre-Workout, Protein Bowl, Vegan, Lower-Calorie, Light-Portion",mood_energetic mood_energetic mood_energetic energetic energetic cuisine_mediterranean category_salad meal_lunch diet_vegetarian plant_based balanced_protein high_fiber_satiety digestive_support low_sugar steady_glucose iron pre workout protein bowl vegan lower calorie light portion paprika roasted chickpeas chopped lacinato kale tahini lemon dressing sunflower seeds,4.71
Light Italian Caprese Salad with Buffalo Mozzarella,Salad,Italian,Lunch,Happy,264,14.4,6.4,16.8,2.0,5.0,1,0,"Vine heirloom tomatoes, fresh water buffalo mozzarella, sweet basil, balsamic glaze","Social, Fresh-Simplicity, High-Calcium, Vegetarian, Lower-Calorie, Light-Portion",mood_happy mood_happy mood_happy happy happy cuisine_italian category_salad meal_lunch diet_vegetarian plant_based balanced_protein light_meal low_calorie light_energy social fresh simplicity high calcium vegetarian lower calorie light portion vine heirloom tomatoes fresh water buffalo mozzarella sweet basil balsamic glaze,5.45
Light Golden Turmeric Spiced Warm Almond Milk,Beverage,Indian,Snack,Stressed,136,5.4,12.8,4.9,1.0,12.0,1,0,"Almond milk, ground turmeric root, black pepper, cinnamon, raw honey, cardamom","Anti-Stress, Calming, Anti-Inflammatory, Vegetarian, Lower-Calorie, Light-Portion",mood_stressed mood_stressed mood_stressed stressed stressed cuisine_indian category_beverage meal_snack diet_vegetarian plant_based light_meal low_calorie light_energy anti stress calming anti inflammatory vegetarian lower calorie light portion almond milk ground turmeric root black pepper cinnamon raw honey cardamom,3.97
Light Organic Chamomile Peppermint Herbal Infusion,Beverage,Continental,Snack,Stressed,8,0.0,1.6,0.0,0.0,0.0,1,0,"Whole dried chamomile flower heads, crushed spearmint and peppermint leaves, pure water","Chamomile, Peppermint, Soothing, Caffeine-Free, Vegan, Lower-Calorie, Light-Portion",mood_stressed mood_stressed mood_stressed stressed stressed cuisine_continental category_beverage meal_snack diet_vegetarian plant_based light_meal low_calorie light_energy low_sugar steady_glucose chamomile peppermint soothing caffeine free vegan lower calorie light portion whole dried chamomile flower heads crushed spearmint peppermint leaves pure water,0.0
Light Ceremonial Matcha Oat Milk Green Tea Latte,Beverage,Asian,Snack,Tired,153,3.6,20.8,4.2,3.0,12.0,1,0,"Ceremonial Japanese matcha, barista oat milk, organic blue agave, vanilla extract","Matcha, Iron, Sustained-Focus, Vegan, Lower-Calorie, Light-Portion",mood_tired mood_tired mood_tired tired tired cuisine_asian category_beverage meal_snack diet_vegetarian plant_based light_meal low_calorie light_energy matcha iron sustained focus vegan lower calorie light portion ceremonial japanese matcha barista oat milk organic blue agave vanilla extract,2.35
"Light Raw Beetroot, Ginger & Orange Performance Juice",Beverage,Continental,Snack,Energetic,162,3.6,33.6,0.7,5.0,28.0,1,0,"Cold-pressed red beet juice, Valencia orange juice, tender coconut water, fresh ginger","Beetroot, Nitrate, Electrolyte, Pre-Workout, Vegan, Lower-Calorie, Light-Portion",mood_energetic mood_energetic mood_energetic energetic energetic cuisine_continental category_beverage meal_snack diet_vegetarian plant_based light_meal low_calorie light_energy beetroot nitrate electrolyte pre workout vegan lower calorie light portion cold pressed red beet juice valencia orange juice tender coconut water fresh ginger,2.22
Light Natural Tender Coconut Water with Fresh Lime,Beverage,Asian,Snack,Energetic,51,0.9,11.2,0.0,1.0,11.0,1,0,"Raw tender green coconut water, Persian lime juice, Himalayan pink salt pinch","Coconut Water, Electrolyte, Hydrating, Potassium, Vegan, Lower-Calorie, Light-Portion",mood_energetic mood_energetic mood_energetic energetic energetic cuisine_asian category_beverage meal_snack diet_vegetarian plant_based light_meal low_calorie light_energy coconut water electrolyte hydrating potassium vegan lower calorie light portion raw tender green coconut water persian lime juice himalayan pink salt pinch,1.76
Light Sparkling Wild Raspberry Garden Mint Spritzer,Beverage,Continental,Snack,Happy,60,0.9,14.4,0.0,3.0,13.0,1,0,"Sparkling mineral water, muddled red raspberries, fresh garden mint, lime splash","Berry, Social, Refreshing, Flavonoid, Vegan, Lower-Calorie, Light-Portion",mood_happy mood_happy mood_happy happy happy cuisine_continental category_beverage meal_snack diet_vegetarian plant_based light_meal low_calorie light_energy berry social refreshing flavonoid vegan lower calorie light portion sparkling mineral water muddled red raspberries fresh garden mint lime splash,1.5
Light Caffeine-Free Rooibos Chai with Steamed Oat Milk,Beverage,Indian,Snack,Relaxed,119,2.7,17.6,2.8,1.0,14.0,1,0,"Red rooibos tea, oat milk, crushed green cardamom pods, cinnamon, clove, honey","Soothing-Aromas, Calming, Tryptophan, Vegetarian, Lower-Calorie, Light-Portion",mood_relaxed mood_relaxed mood_relaxed relaxed relaxed cuisine_indian category_beverage meal_snack diet_vegetarian plant_based light_meal low_calorie light_energy soothing aromas calming tryptophan vegetarian lower calorie light portion red rooibos tea oat milk crushed green cardamom pods cinnamon clove honey,2.27
Light Fresh Organic Strawberries in 72% Dark Chocolate,Dessert,Continental,Snack,Happy,162,2.7,20.8,7.0,4.0,18.0,1,0,"Organic ripe strawberries, 72% dark bittersweet chocolate, flaky sea salt","Dark Chocolate, Strawberry, Flavonoid, Endorphin-Boost, Vegan, Lower-Calorie, Light-Portion",mood_happy mood_happy mood_happy happy happy cuisine_continental category_dessert meal_snack diet_vegetarian plant_based light_meal low_calorie light_energy dark chocolate strawberry flavonoid endorphin boost vegan lower calorie light portion organic ripe strawberries 72 dark bittersweet chocolate flaky sea salt,1.67
Light Dark Chocolate & Walnut Magnesium Energy Bites,Snack,American,Snack,Stressed,178,4.5,17.6,8.4,4.0,12.0,1,0,"72% dark chocolate chips, raw English walnuts, medjool dates, rolled oats","Dark Chocolate, Walnut, Magnesium, Anti-Stress, Vegan, Lower-Calorie, Light-Portion",mood_stressed mood_stressed mood_stressed stressed stressed cuisine_american category_snack meal_snack diet_vegetarian plant_based light_meal low_calorie light_energy dark chocolate walnut magnesium anti stress vegan lower calorie light portion 72 dark chocolate chips raw english walnuts medjool dates rolled oats,2.53
Light Fresh Guacamole with Stoneground Tortilla Chips,Snack,Mexican,Snack,Happy,272,3.6,28.8,12.6,7.0,2.0,1,1,"Hass avocados, lime juice, jalapeño, sea salt, organic corn tortilla chips","Social, Shareable, Heart-Healthy-Fats, Vegan, Lower-Calorie, Light-Portion",mood_happy mood_happy mood_happy happy happy cuisine_mexican category_snack meal_snack diet_vegetarian plant_based light_meal low_calorie light_energy high_fiber_satiety digestive_support low_sugar steady_glucose social shareable heart healthy fats vegan lower calorie light portion hass avocados lime juice jalapeo sea salt organic corn tortilla chips,1.32
Light Hummus with Whole-Wheat Pita & Toasted Pepitas,Snack,Mediterranean,Snack,Tired,264,10.8,30.4,9.8,8.0,3.0,1,0,"Chickpea hummus, sesame tahini, whole-wheat pita bread, toasted pepitas, paprika","Pumpkin Seed, Iron, B-Vitamin, Vegan, Lower-Calorie, Light-Portion",mood_tired mood_tired mood_tired tired tired cuisine_mediterranean category_snack meal_snack diet_vegetarian plant_based light_meal low_calorie light_energy high_fiber_satiety digestive_support low_sugar steady_glucose pumpkin seed iron vitamin vegan lower calorie light portion chickpea hummus sesame tahini whole wheat pita bread toasted pepitas paprika,4.09
Light Spiced Dry-Roasted Almonds with Smoked Paprika,Snack,Continental,Snack,Energetic,178,6.3,5.6,12.6,4.0,1.0,1,1,"Dry-roasted whole California almonds, smoked Spanish paprika, sea salt","Pre-Workout, Quick-Fuel, Keto-Friendly, Vegan, Lower-Calorie, Light-Portion",mood_energetic mood_energetic mood_energetic energetic energetic cuisine_continental category_snack meal_snack diet_vegetarian plant_based light_meal low_calorie light_energy low_sugar steady_glucose pre workout quick fuel keto friendly vegan lower calorie light portion dry roasted whole california almonds smoked spanish paprika sea salt,3.54
Light Warm Roasted Sweet Potato Mash with Cinnamon,Side,American,Dinner,Low Mood,204,3.6,41.6,2.1,7.0,14.0,1,0,"Roasted sweet potatoes, Ceylon cinnamon, warm unsweetened almond milk, sea salt","Sweet Potato Mash, Restorative, Comforting, Serotonin-Support, Vegan, Lower-Calorie, Light-Portion",mood_low_mood mood_low_mood mood_low_mood low_mood low_mood cuisine_american category_side meal_dinner diet_vegetarian plant_based light_meal low_calorie light_energy high_fiber_satiety digestive_support sweet potato mash restorative comforting serotonin support vegan lower calorie light portion roasted sweet potatoes ceylon cinnamon warm unsweetened almond milk sea salt,1.76
Protein-Boosted Warm Lentil & Baby Spinach Soup,Soup,Mediterranean,Dinner,Stressed,391,25.2,43.7,7.4,11.0,4.0,1,0,"Brown lentils, baby spinach, minced garlic, extra virgin olive oil, lemon, cumin","High-Fiber, Magnesium, Vegan, Anti-Stress, Extra-Protein, High-Satiety",mood_stressed mood_stressed mood_stressed stressed stressed cuisine_mediterranean category_soup meal_dinner diet_vegetarian plant_based high_protein_rich muscle_fuel high_fiber_satiety digestive_support low_sugar steady_glucose high fiber magnesium vegan anti stress extra protein high satiety brown lentils baby spinach minced garlic extra virgin olive oil lemon cumin,6.45
Protein-Boosted Ginger Simmered Chicken Broth with Rice,Soup,Asian,Dinner,Low Mood,391,36.4,36.1,8.4,3.0,2.0,0,0,"Poached chicken breast, white jasmine rice, sliced young ginger, scallions","Restorative, Broth, Gut-Friendly, Gluten-Free, Extra-Protein, High-Satiety",mood_low_mood mood_low_mood mood_low_mood low_mood low_mood cuisine_asian category_soup meal_dinner diet_non_veg animal_protein high_protein_rich muscle_fuel low_sugar steady_glucose restorative broth gut friendly gluten free extra protein high satiety poached chicken breast white jasmine rice sliced young ginger scallions,9.31
Protein-Boosted Creamy Roasted Pumpkin Soup with Pepitas,Soup,Continental,Dinner,Relaxed,322,8.4,36.1,11.6,6.0,8.0,1,0,"Roasted sugar pumpkin, light coconut milk, pumpkin seed pepitas, nutmeg","Tryptophan, Soothing, Vegan, Gluten-Free, Extra-Protein, High-Satiety",mood_relaxed mood_relaxed mood_relaxed relaxed relaxed cuisine_continental category_soup meal_dinner diet_vegetarian plant_based tryptophan soothing vegan gluten free extra protein high satiety roasted sugar pumpkin light coconut milk pumpkin seed pepitas nutmeg,2.61
Protein-Boosted Homestyle Garden Vegetable Noodle Soup,Soup,American,Lunch,Low Mood,299,11.2,41.8,5.2,5.0,4.0,1,0,"Whole-wheat ribbon noodles, diced carrots, celery, fragrant herb vegetable broth","Noodle Soup, Restorative, Warm-Comfort, Vegetarian, Extra-Protein, High-Satiety",mood_low_mood mood_low_mood mood_low_mood low_mood low_mood cuisine_american category_soup meal_lunch diet_vegetarian plant_based low_sugar steady_glucose noodle soup restorative warm comfort vegetarian extra protein high satiety whole wheat ribbon noodles diced carrots celery fragrant herb vegetable broth,3.75
Protein-Boosted Fermented Miso Soup with Silken Tofu & Wakame,Soup,Asian,Lunch,Low Mood,161,12.6,11.4,4.2,3.0,2.0,1,0,"Naturally fermented white miso, silken tofu cubes, wakame seaweed, spring green onions","Probiotic, Gut-Health, Low-Calorie, Vegan, Extra-Protein, High-Satiety",mood_low_mood mood_low_mood mood_low_mood low_mood low_mood cuisine_asian category_soup meal_lunch diet_vegetarian plant_based balanced_protein light_meal low_calorie light_energy low_sugar steady_glucose probiotic gut health low calorie vegan extra protein high satiety naturally fermented white miso silken tofu cubes wakame seaweed spring green onions,7.83
Protein-Boosted Tuscan White Bean & Tomato Minestrone,Soup,Italian,Dinner,Tired,356,19.6,47.5,6.3,10.0,5.0,1,0,"Cannellini beans, stewed plum tomatoes, zucchini, whole grain ditalini pasta, basil","Cannellini, High-Fiber, Soothing, Mediterranean-Diet, Vegan, Extra-Protein, High-Satiety",mood_tired mood_tired mood_tired tired tired cuisine_italian category_soup meal_dinner diet_vegetarian plant_based balanced_protein high_fiber_satiety digestive_support cannellini high fiber soothing mediterranean diet vegan extra protein high satiety cannellini beans stewed plum tomatoes zucchini whole grain ditalini pasta basil,5.51
Protein-Boosted Spiced Black Bean Soup with Crispy Tortillas,Soup,Mexican,Lunch,Tired,379,23.8,49.4,6.3,14.0,3.0,1,1,"Simmered black beans, cumin, Mexican oregano, baked corn tortilla crisps, cilantro","Black Bean, Iron, High-Fiber, Vegan, Gluten-Free, Extra-Protein, High-Satiety",mood_tired mood_tired mood_tired tired tired cuisine_mexican category_soup meal_lunch diet_vegetarian plant_based high_protein_rich muscle_fuel high_fiber_satiety digestive_support low_sugar steady_glucose black bean iron high fiber vegan gluten free extra protein high satiety simmered black beans cumin mexican oregano baked corn tortilla crisps cilantro,6.28
Protein-Boosted Silken Tofu & Enoki Mushroom Dashi,Soup,Asian,Dinner,Relaxed,195,19.6,11.4,5.2,3.0,2.0,1,0,"Silken tofu, enoki mushrooms, kombu vegetable dashi broth, scallions","Gentle, Calming, Tryptophan, Ultra-Light, Vegan, Extra-Protein, High-Satiety",mood_relaxed mood_relaxed mood_relaxed relaxed relaxed cuisine_asian category_soup meal_dinner diet_vegetarian plant_based balanced_protein light_meal low_calorie light_energy low_sugar steady_glucose gentle calming tryptophan ultra light vegan extra protein high satiety silken tofu enoki mushrooms kombu vegetable dashi broth scallions,10.05
Protein-Boosted Quinoa & Black Bean Burrito Power Bowl,Bowl,Mexican,Lunch,Tired,529,25.2,66.5,11.6,15.0,4.0,1,1,"White quinoa, spiced simmered black beans, roasted corn, guacamole, salsa verde","Burrito, Iron, Sustained-Energy, High-Fiber, Vegan, Extra-Protein, High-Satiety",mood_tired mood_tired mood_tired tired tired cuisine_mexican category_bowl meal_lunch diet_vegetarian plant_based high_protein_rich muscle_fuel hearty_substantial high_energy high_fiber_satiety digestive_support low_sugar steady_glucose burrito iron sustained energy high fiber vegan extra protein high satiety white quinoa spiced simmered black beans roasted corn guacamole salsa verde,4.76
Protein-Boosted Roasted Sweet Potato & Black Bean Bowl,Bowl,Mexican,Lunch,Stressed,483,19.6,64.6,9.5,14.0,9.0,1,1,"Garnet sweet potatoes, black beans, sweet corn, cilantro, lime vinaigrette","Magnesium, Complex-Carbs, Vegan, Gluten-Free, Extra-Protein, High-Satiety",mood_stressed mood_stressed mood_stressed stressed stressed cuisine_mexican category_bowl meal_lunch diet_vegetarian plant_based balanced_protein hearty_substantial high_energy high_fiber_satiety digestive_support magnesium complex carbs vegan gluten free extra protein high satiety garnet sweet potatoes black beans sweet corn cilantro lime vinaigrette,4.06
Protein-Boosted Grilled Lemon Herb Chicken & Quinoa Power Bowl,Bowl,American,Lunch,Energetic,552,64.4,43.7,12.6,7.0,3.0,0,0,"Grilled chicken breast, Andean tricolor quinoa, massaged kale, avocado, lemon tahini","Protein Bowl, Pre-Workout, High-Protein, Lean-Muscle, Extra-Protein, High-Satiety",mood_energetic mood_energetic mood_energetic energetic energetic cuisine_american category_bowl meal_lunch diet_non_veg animal_protein high_protein_rich muscle_fuel hearty_substantial high_energy high_fiber_satiety digestive_support low_sugar steady_glucose protein bowl pre workout high protein lean muscle extra protein high satiety grilled chicken breast andean tricolor quinoa massaged kale avocado lemon tahini,11.67
Protein-Boosted South Indian Tempered Curd Rice with Pomegranate,Bowl,Indian,Lunch,Low Mood,356,12.6,49.4,7.4,3.0,6.0,1,0,"Cooked basmati rice, probiotic whole curd yogurt, mustard seeds, curry leaves, pomegranate","Curd, Probiotic, Gut-Brain, Ayurvedic, Vegetarian, Extra-Protein, High-Satiety",mood_low_mood mood_low_mood mood_low_mood low_mood low_mood cuisine_indian category_bowl meal_lunch diet_vegetarian plant_based balanced_protein curd probiotic gut brain ayurvedic vegetarian extra protein high satiety cooked basmati rice probiotic whole curd yogurt mustard seeds curry leaves pomegranate,3.54
Protein-Boosted Chamomile Steamed Tofu & Brown Jasmine Rice,Bowl,Asian,Dinner,Stressed,448,29.4,46.5,9.5,6.0,2.0,1,0,"Firm tofu cubes, brown jasmine rice, chamomile herbal broth, baby bok choy, sesame oil","Chamomile, Calming, Magnesium, Plant-Protein, Vegan, Extra-Protein, High-Satiety",mood_stressed mood_stressed mood_stressed stressed stressed cuisine_asian category_bowl meal_dinner diet_vegetarian plant_based high_protein_rich muscle_fuel low_sugar steady_glucose chamomile calming magnesium plant protein vegan extra protein high satiety firm tofu cubes brown jasmine rice chamomile herbal broth baby bok choy sesame oil,6.56
Protein-Boosted Fragrant Jasmine Rice with Steamed Sesame Greens,Bowl,Asian,Dinner,Relaxed,391,11.2,58.9,6.3,5.0,3.0,1,0,"Thai jasmine rice, baby bok choy, sugar snap peas, cold-pressed sesame oil","Jasmine Rice, Gentle, Easy-Digestion, Tryptophan, Vegan, Extra-Protein, High-Satiety",mood_relaxed mood_relaxed mood_relaxed relaxed relaxed cuisine_asian category_bowl meal_dinner diet_vegetarian plant_based low_sugar steady_glucose jasmine rice gentle easy digestion tryptophan vegan extra protein high satiety thai jasmine rice baby bok choy sugar snap peas cold pressed sesame oil,2.86
Protein-Boosted Buckwheat Soba & Edamame Protein Bowl,Bowl,Asian,Lunch,Energetic,483,28.0,58.9,10.5,8.0,5.0,1,0,"100% buckwheat soba noodles, steamed edamame, purple cabbage, sesame ginger vinaigrette","Protein Bowl, Pre-Workout, Clean-Carbs, Vegan, Extra-Protein, High-Satiety",mood_energetic mood_energetic mood_energetic energetic energetic cuisine_asian category_bowl meal_lunch diet_vegetarian plant_based high_protein_rich muscle_fuel hearty_substantial high_energy high_fiber_satiety digestive_support protein bowl pre workout clean carbs vegan extra protein high satiety 100 buckwheat soba noodles steamed edamame purple cabbage sesame ginger vinaigrette,5.8
Protein-Boosted Spinach & Moong Dal Khichdi with Ghee,Curry,Indian,Dinner,Stressed,414,21.0,51.3,8.4,8.0,2.0,1,0,"Yellow moong lentils, basmati rice, fresh spinach, turmeric, cumin seeds, pure cow ghee","Spinach, Lentil, Magnesium, Ayurvedic-Comfort, Soothing, Extra-Protein, High-Satiety",mood_stressed mood_stressed mood_stressed stressed stressed cuisine_indian category_curry meal_dinner diet_vegetarian plant_based high_protein_rich muscle_fuel high_fiber_satiety digestive_support low_sugar steady_glucose spinach lentil magnesium ayurvedic comfort soothing extra protein high satiety yellow moong lentils basmati rice fresh spinach turmeric cumin seeds pure cow ghee,5.07
Protein-Boosted Homestyle Yellow Toor Dal with Cumin Rice,Curry,Indian,Dinner,Relaxed,437,19.6,57.0,7.4,9.0,3.0,1,0,"Yellow toor dal lentils, steamed basmati rice, toasted cumin, mild turmeric, ripe tomato","Lentil, Traditional-Comfort, Tryptophan, Gentle, Vegan, Extra-Protein, High-Satiety",mood_relaxed mood_relaxed mood_relaxed relaxed relaxed cuisine_indian category_curry meal_dinner diet_vegetarian plant_based balanced_protein high_fiber_satiety digestive_support low_sugar steady_glucose lentil traditional comfort tryptophan gentle vegan extra protein high satiety yellow toor dal lentils steamed basmati rice toasted cumin mild turmeric ripe tomato,4.49
Protein-Boosted Iron-Rich Palak Paneer with Whole Wheat Roti,Curry,Indian,Dinner,Tired,483,28.0,36.1,23.1,7.0,4.0,1,1,"Fresh spinach puree, paneer cheese, whole wheat flour roti, garlic, garam masala","Iron, B-Vitamin, High-Protein, Vegetarian, Extra-Protein, High-Satiety",mood_tired mood_tired mood_tired tired tired cuisine_indian category_curry meal_dinner diet_vegetarian plant_based high_protein_rich muscle_fuel hearty_substantial high_energy high_fiber_satiety digestive_support low_sugar steady_glucose iron vitamin high protein vegetarian extra protein high satiety fresh spinach puree paneer cheese whole wheat flour roti garlic garam masala,5.8
Protein-Boosted Wild Atlantic Salmon with Steamed Asparagus,Main,Continental,Dinner,Stressed,552,53.2,11.4,27.3,5.0,2.0,0,0,"Wild salmon fillet, green asparagus spears, virgin olive oil, lemon zest, sea salt","Salmon, Omega-3, Magnesium, High-Protein, Gluten-Free, Extra-Protein, High-Satiety",mood_stressed mood_stressed mood_stressed stressed stressed cuisine_continental category_main meal_dinner diet_non_veg animal_protein high_protein_rich muscle_fuel hearty_substantial high_energy low_sugar steady_glucose salmon omega magnesium high protein gluten free extra protein high satiety wild salmon fillet green asparagus spears virgin olive oil lemon zest sea salt,9.64
Protein-Boosted Herbal Baked Atlantic Cod with Zucchini,Main,Mediterranean,Dinner,Relaxed,414,50.4,13.3,16.8,4.0,4.0,0,0,"Cod fillet, tender zucchini ribbons, fresh dill, virgin olive oil, garlic","Cod, Tryptophan, Gentle, Light-Dinner, High-Protein, Extra-Protein, High-Satiety",mood_relaxed mood_relaxed mood_relaxed relaxed relaxed cuisine_mediterranean category_main meal_dinner diet_non_veg animal_protein high_protein_rich muscle_fuel low_sugar steady_glucose cod tryptophan gentle light dinner high protein extra protein high satiety cod fillet tender zucchini ribbons fresh dill virgin olive oil garlic,12.17
Protein-Boosted Grilled Lemon Herb Chicken with Brown Rice,Main,American,Dinner,Energetic,564,64.4,45.6,10.5,7.0,3.0,0,0,"Skinless chicken breast, steamed brown basmati rice, steamed fresh broccoli, olive oil","High-Protein, Pre-Workout, Clean-Fuel, Gluten-Free, Extra-Protein, High-Satiety",mood_energetic mood_energetic mood_energetic energetic energetic cuisine_american category_main meal_dinner diet_non_veg animal_protein high_protein_rich muscle_fuel hearty_substantial high_energy high_fiber_satiety digestive_support low_sugar steady_glucose high protein pre workout clean fuel gluten free extra protein high satiety skinless chicken breast steamed brown basmati rice steamed fresh broccoli olive oil,11.42
Protein-Boosted Grilled Pacific Shrimp with Lemon Herb Quinoa,Main,Mediterranean,Dinner,Energetic,448,47.6,36.1,10.5,5.0,2.0,0,0,"Wild white shrimp, tri-color quinoa, Italian flat-leaf parsley, lemon zest, olive oil","Pre-Workout, High-Protein, Lean, Gluten-Free, Extra-Protein, High-Satiety",mood_energetic mood_energetic mood_energetic energetic energetic cuisine_mediterranean category_main meal_dinner diet_non_veg animal_protein high_protein_rich muscle_fuel low_sugar steady_glucose pre workout high protein lean gluten free extra protein high satiety wild white shrimp tri color quinoa italian flat leaf parsley lemon zest olive oil,10.62
Protein-Boosted Artisanal Margherita Sourdough Flatbread,Main,Italian,Lunch,Happy,529,25.2,53.2,18.9,4.0,5.0,1,0,"San Marzano plum tomatoes, fresh buffalo mozzarella, sweet basil, sourdough olive crust","Flatbread, Pizza, Social, Sensory-Joy, Vegetarian, Extra-Protein, High-Satiety",mood_happy mood_happy mood_happy happy happy cuisine_italian category_main meal_lunch diet_vegetarian plant_based high_protein_rich muscle_fuel hearty_substantial high_energy flatbread pizza social sensory joy vegetarian extra protein high satiety san marzano plum tomatoes fresh buffalo mozzarella sweet basil sourdough olive crust,4.76
Protein-Boosted Mediterranean Mezze Platter with Baked Falafel,Main,Mediterranean,Lunch,Happy,564,22.4,55.1,23.1,12.0,6.0,1,0,"Baked chickpea falafel, velvety hummus, kalamata olives, diced cucumbers, warm pita","Mezze, Social, High-Fiber, Vegan, Extra-Protein, High-Satiety",mood_happy mood_happy mood_happy happy happy cuisine_mediterranean category_main meal_lunch diet_vegetarian plant_based high_protein_rich muscle_fuel hearty_substantial high_energy high_fiber_satiety digestive_support mezze social high fiber vegan extra protein high satiety baked chickpea falafel velvety hummus kalamata olives diced cucumbers warm pita,3.97
Protein-Boosted Vegetable Dum Biryani with Cool Mint Raita,Main,Indian,Lunch,Happy,552,18.2,68.4,14.7,7.0,5.0,1,1,"Aged basmati rice, green beans, carrots, saffron threads, fresh mint, cucumber raita","Biryani, Celebration, Social, Aromatic, Vegetarian, Extra-Protein, High-Satiety",mood_happy mood_happy mood_happy happy happy cuisine_indian category_main meal_lunch diet_vegetarian plant_based balanced_protein hearty_substantial high_energy high_fiber_satiety digestive_support biryani celebration social aromatic vegetarian extra protein high satiety aged basmati rice green beans carrots saffron threads fresh mint cucumber raita,3.3
Protein-Boosted Baja Grilled White Fish Tacos with Purple Slaw,Main,Mexican,Lunch,Happy,506,39.2,39.9,16.8,6.0,4.0,0,1,"Grilled cod, stoneground corn tortillas, shaved purple cabbage, avocado crema, lime","Taco, Social, Lean-Protein, Gluten-Free, Extra-Protein, High-Satiety",mood_happy mood_happy mood_happy happy happy cuisine_mexican category_main meal_lunch diet_non_veg animal_protein high_protein_rich muscle_fuel hearty_substantial high_energy low_sugar steady_glucose taco social lean protein gluten free extra protein high satiety grilled cod stoneground corn tortillas shaved purple cabbage avocado crema lime,7.75
Protein-Boosted Tandoori Paneer Tikka with Mint Chutney,Main,Indian,Dinner,Happy,471,33.6,13.3,29.4,3.0,4.0,1,1,"Marinated paneer cheese blocks, Kashmiri chili, chickpea flour, lemon, green mint dip","Social, High-Protein, Vegetarian, Gluten-Free, Extra-Protein, High-Satiety",mood_happy mood_happy mood_happy happy happy cuisine_indian category_main meal_dinner diet_vegetarian plant_based high_protein_rich muscle_fuel hearty_substantial high_energy low_sugar steady_glucose social high protein vegetarian gluten free extra protein high satiety marinated paneer cheese blocks kashmiri chili chickpea flour lemon green mint dip,7.13
Protein-Boosted Oatmeal with Blueberries & Pumpkin Seeds,Breakfast,American,Breakfast,Stressed,368,15.4,45.6,9.5,8.0,10.0,1,0,"Rolled whole oats, wild blueberries, raw pumpkin seeds, almond milk, Ceylon cinnamon","Oatmeal, Pumpkin Seed, Magnesium, Antioxidant, Vegan, Extra-Protein, High-Satiety",mood_stressed mood_stressed mood_stressed stressed stressed cuisine_american category_breakfast meal_breakfast diet_vegetarian plant_based balanced_protein high_fiber_satiety digestive_support oatmeal pumpkin seed magnesium antioxidant vegan extra protein high satiety rolled whole oats wild blueberries raw pumpkin seeds almond milk ceylon cinnamon,4.18
Protein-Boosted Banana Almond Butter High-Protein Oatmeal,Breakfast,American,Breakfast,Energetic,471,30.8,53.2,13.7,8.0,16.0,1,0,"Rolled oats, plant protein isolate, ripe banana, natural almond butter, cinnamon","Banana, Peanut Butter, Pre-Workout, Protein Bowl, Vegan, Extra-Protein, High-Satiety",mood_energetic mood_energetic mood_energetic energetic energetic cuisine_american category_breakfast meal_breakfast diet_vegetarian plant_based high_protein_rich muscle_fuel hearty_substantial high_energy high_fiber_satiety digestive_support banana peanut butter pre workout protein bowl vegan extra protein high satiety rolled oats plant protein isolate ripe banana natural almond butter cinnamon,6.54
Protein-Boosted Egg & Avocado Sprouted Whole-Grain Wrap,Breakfast,American,Breakfast,Tired,448,28.0,34.2,18.9,7.0,3.0,1,0,"Scrambled pasture eggs, sprouted tortilla, fresh avocado slices, baby spinach","Avocado Wrap, Egg, B-Vitamin, Clean-Protein, Vegetarian, Extra-Protein, High-Satiety",mood_tired mood_tired mood_tired tired tired cuisine_american category_breakfast meal_breakfast diet_vegetarian plant_based high_protein_rich muscle_fuel high_fiber_satiety digestive_support low_sugar steady_glucose avocado wrap egg vitamin clean protein vegetarian extra protein high satiety scrambled pasture eggs sprouted tortilla fresh avocado slices baby spinach,6.25
Protein-Boosted Avocado Sourdough Toast with Raw Hemp Hearts,Breakfast,Continental,Breakfast,Stressed,379,12.6,32.3,18.9,9.0,2.0,1,0,"Artisan sourdough bread, mashed Hass avocado, raw hemp seeds, lemon juice, sea salt","Magnesium, Healthy-Fats, High-Fiber, Vegan, Extra-Protein, High-Satiety",mood_stressed mood_stressed mood_stressed stressed stressed cuisine_continental category_breakfast meal_breakfast diet_vegetarian plant_based balanced_protein high_fiber_satiety digestive_support low_sugar steady_glucose magnesium healthy fats high fiber vegan extra protein high satiety artisan sourdough bread mashed hass avocado raw hemp seeds lemon juice sea salt,3.32
Protein-Boosted Greek Yogurt Parfait with Granola & Chia Seeds,Breakfast,Mediterranean,Breakfast,Energetic,391,33.6,39.9,9.5,5.0,14.0,1,0,"Nonfat strained Greek yogurt, artisan oat granola, black chia seeds, fresh blackberries","Pre-Workout, High-Protein, Vegetarian, Calcium-Rich, Extra-Protein, High-Satiety",mood_energetic mood_energetic mood_energetic energetic energetic cuisine_mediterranean category_breakfast meal_breakfast diet_vegetarian plant_based high_protein_rich muscle_fuel pre workout high protein vegetarian calcium rich extra protein high satiety nonfat strained greek yogurt artisan oat granola black chia seeds fresh blackberries,8.59
Protein-Boosted Rainbow Acai Superfruit Breakfast Bowl,Breakfast,American,Breakfast,Happy,414,11.2,58.9,10.5,9.0,26.0,1,0,"Acai berry puree, ripe banana, golden kiwi slices, wild blueberries, black chia seeds","Acai, Antioxidant, Colorful, Vegan, Flavonoid, Extra-Protein, High-Satiety",mood_happy mood_happy mood_happy happy happy cuisine_american category_breakfast meal_breakfast diet_vegetarian plant_based high_fiber_satiety digestive_support acai antioxidant colorful vegan flavonoid extra protein high satiety acai berry puree ripe banana golden kiwi slices wild blueberries black chia seeds,2.71
Protein-Boosted Hard Boiled Pasture Eggs with Everything Spice,Breakfast,American,Breakfast,Tired,172,18.2,1.9,10.5,1.0,1.0,1,0,"Two large pasture-raised eggs, poppy seeds, toasted sesame, garlic flakes, sea salt","Egg, Iron, High-Protein, Zero-Sugar, Vegetarian, Extra-Protein, High-Satiety",mood_tired mood_tired mood_tired tired tired cuisine_american category_breakfast meal_breakfast diet_vegetarian plant_based balanced_protein light_meal low_calorie light_energy low_sugar steady_glucose egg iron high protein zero sugar vegetarian extra protein high satiety two large pasture raised eggs poppy seeds toasted sesame garlic flakes sea salt,10.58
Protein-Boosted Warm Steel-Cut Oats with Stewed Gala Apples,Breakfast,American,Breakfast,Stressed,391,12.6,51.3,11.6,7.0,14.0,1,0,"Steel-cut oats, cinnamon-stewed Gala apples, crushed raw walnuts, pure maple touch","Oatmeal, Walnut, Comforting, Serotonin-Support, Vegan, Extra-Protein, High-Satiety",mood_stressed mood_stressed mood_stressed stressed stressed cuisine_american category_breakfast meal_breakfast diet_vegetarian plant_based balanced_protein high_fiber_satiety digestive_support oatmeal walnut comforting serotonin support vegan extra protein high satiety steel cut oats cinnamon stewed gala apples crushed raw walnuts pure maple touch,3.22
Protein-Boosted Whipped Ricotta Toast on Sourdough with Honey,Breakfast,Italian,Breakfast,Relaxed,334,16.8,36.1,10.5,3.0,12.0,1,0,"Country sourdough bread, whipped whole milk ricotta cheese, clover honey, sea salt","Tryptophan, Comforting, Vegetarian, Extra-Protein, High-Satiety",mood_relaxed mood_relaxed mood_relaxed relaxed relaxed cuisine_italian category_breakfast meal_breakfast diet_vegetarian plant_based balanced_protein tryptophan comforting vegetarian extra protein high satiety country sourdough bread whipped whole milk ricotta cheese clover honey sea salt,5.03
Protein-Boosted Sprouted Moong Lentil Salad with Pomegranate,Salad,Indian,Lunch,Tired,310,19.6,39.9,4.2,10.0,12.0,1,0,"Sprouted green moong beans, ruby pomegranate arils, shredded carrots, lime juice","Sprout, Iron, Raw-Enzymes, Vegan, Gluten-Free, Extra-Protein, High-Satiety",mood_tired mood_tired mood_tired tired tired cuisine_indian category_salad meal_lunch diet_vegetarian plant_based balanced_protein high_fiber_satiety digestive_support sprout iron raw enzymes vegan gluten free extra protein high satiety sprouted green moong beans ruby pomegranate arils shredded carrots lime juice,6.32
"Protein-Boosted Roasted Beetroot, Walnut & Goat Cheese Salad",Salad,Mediterranean,Lunch,Stressed,391,15.4,26.6,21.0,6.0,16.0,1,0,"Roasted red beets, baby arugula, toasted walnuts, creamy goat cheese, aged balsamic","Beetroot, Nitrate, Walnut, Magnesium, Vegetarian, Extra-Protein, High-Satiety",mood_stressed mood_stressed mood_stressed stressed stressed cuisine_mediterranean category_salad meal_lunch diet_vegetarian plant_based balanced_protein beetroot nitrate walnut magnesium vegetarian extra protein high satiety roasted red beets baby arugula toasted walnuts creamy goat cheese aged balsamic,3.94
Protein-Boosted Crispy Spiced Chickpea & Tuscan Kale Salad,Salad,Mediterranean,Lunch,Energetic,414,22.4,41.8,14.7,11.0,4.0,1,1,"Paprika roasted chickpeas, chopped lacinato kale, tahini lemon dressing, sunflower seeds","Iron, Pre-Workout, Protein Bowl, Vegan, Extra-Protein, High-Satiety",mood_energetic mood_energetic mood_energetic energetic energetic cuisine_mediterranean category_salad meal_lunch diet_vegetarian plant_based high_protein_rich muscle_fuel high_fiber_satiety digestive_support low_sugar steady_glucose iron pre workout protein bowl vegan extra protein high satiety paprika roasted chickpeas chopped lacinato kale tahini lemon dressing sunflower seeds,5.41
Protein-Boosted Italian Caprese Salad with Buffalo Mozzarella,Salad,Italian,Lunch,Happy,356,22.4,7.6,25.2,2.0,5.0,1,0,"Vine heirloom tomatoes, fresh water buffalo mozzarella, sweet basil, balsamic glaze","Social, Fresh-Simplicity, High-Calcium, Vegetarian, Extra-Protein, High-Satiety",mood_happy mood_happy mood_happy happy happy cuisine_italian category_salad meal_lunch diet_vegetarian plant_based high_protein_rich muscle_fuel social fresh simplicity high calcium vegetarian extra protein high satiety vine heirloom tomatoes fresh water buffalo mozzarella sweet basil balsamic glaze,6.29
Protein-Boosted Golden Turmeric Spiced Warm Almond Milk,Beverage,Indian,Snack,Stressed,184,8.4,15.2,7.4,1.0,12.0,1,0,"Almond milk, ground turmeric root, black pepper, cinnamon, raw honey, cardamom","Anti-Stress, Calming, Anti-Inflammatory, Vegetarian, Extra-Protein, High-Satiety",mood_stressed mood_stressed mood_stressed stressed stressed cuisine_indian category_beverage meal_snack diet_vegetarian plant_based light_meal low_calorie light_energy anti stress calming anti inflammatory vegetarian extra protein high satiety almond milk ground turmeric root black pepper cinnamon raw honey cardamom,4.57
Protein-Boosted Organic Chamomile Peppermint Herbal Infusion,Beverage,Continental,Snack,Stressed,12,0.0,1.9,0.0,0.0,0.0,1,0,"Whole dried chamomile flower heads, crushed spearmint and peppermint leaves, pure water","Chamomile, Peppermint, Soothing, Caffeine-Free, Vegan, Extra-Protein, High-Satiety",mood_stressed mood_stressed mood_stressed stressed stressed cuisine_continental category_beverage meal_snack diet_vegetarian plant_based light_meal low_calorie light_energy low_sugar steady_glucose chamomile peppermint soothing caffeine free vegan extra protein high satiety whole dried chamomile flower heads crushed spearmint peppermint leaves pure water,0.0
Protein-Boosted Ceremonial Matcha Oat Milk Green Tea Latte,Beverage,Asian,Snack,Tired,207,5.6,24.7,6.3,3.0,12.0,1,0,"Ceremonial Japanese matcha, barista oat milk, organic blue agave, vanilla extract","Matcha, Iron, Sustained-Focus, Vegan, Extra-Protein, High-Satiety",mood_tired mood_tired mood_tired tired tired cuisine_asian category_beverage meal_snack diet_vegetarian plant_based light_meal low_calorie light_energy matcha iron sustained focus vegan extra protein high satiety ceremonial japanese matcha barista oat milk organic blue agave vanilla extract,2.71
"Protein-Boosted Raw Beetroot, Ginger & Orange Performance Juice",Beverage,Continental,Snack,Energetic,218,5.6,39.9,1.1,5.0,28.0,1,0,"Cold-pressed red beet juice, Valencia orange juice, tender coconut water, fresh ginger","Beetroot, Nitrate, Electrolyte, Pre-Workout, Vegan, Extra-Protein, High-Satiety",mood_energetic mood_energetic mood_energetic energetic energetic cuisine_continental category_beverage meal_snack diet_vegetarian plant_based light_meal low_calorie light_energy beetroot nitrate electrolyte pre workout vegan extra protein high satiety cold pressed red beet juice valencia orange juice tender coconut water fresh ginger,2.57
Protein-Boosted Natural Tender Coconut Water with Fresh Lime,Beverage,Asian,Snack,Energetic,69,1.4,13.3,0.0,1.0,11.0,1,0,"Raw tender green coconut water, Persian lime juice, Himalayan pink salt pinch","Coconut Water, Electrolyte, Hydrating, Potassium, Vegan, Extra-Protein, High-Satiety",mood_energetic mood_energetic mood_energetic energetic energetic cuisine_asian category_beverage meal_snack diet_vegetarian plant_based light_meal low_calorie light_energy coconut water electrolyte hydrating potassium vegan extra protein high satiety raw tender green coconut water persian lime juice himalayan pink salt pinch,2.03
Protein-Boosted Sparkling Wild Raspberry Garden Mint Spritzer,Beverage,Continental,Snack,Happy,80,1.4,17.1,0.0,3.0,13.0,1,0,"Sparkling mineral water, muddled red raspberries, fresh garden mint, lime splash","Berry, Social, Refreshing, Flavonoid, Vegan, Extra-Protein, High-Satiety",mood_happy mood_happy mood_happy happy happy cuisine_continental category_beverage meal_snack diet_vegetarian plant_based light_meal low_calorie light_energy berry social refreshing flavonoid vegan extra protein high satiety sparkling mineral water muddled red raspberries fresh garden mint lime splash,1.75
Protein-Boosted Caffeine-Free Rooibos Chai with Steamed Oat Milk,Beverage,Indian,Snack,Relaxed,161,4.2,20.9,4.2,1.0,14.0,1,0,"Red rooibos tea, oat milk, crushed green cardamom pods, cinnamon, clove, honey","Soothing-Aromas, Calming, Tryptophan, Vegetarian, Extra-Protein, High-Satiety",mood_relaxed mood_relaxed mood_relaxed relaxed relaxed cuisine_indian category_beverage meal_snack diet_vegetarian plant_based light_meal low_calorie light_energy soothing aromas calming tryptophan vegetarian extra protein high satiety red rooibos tea oat milk crushed green cardamom pods cinnamon clove honey,2.61
Protein-Boosted Fresh Organic Strawberries in 72% Dark Chocolate,Dessert,Continental,Snack,Happy,218,4.2,24.7,10.5,4.0,18.0,1,0,"Organic ripe strawberries, 72% dark bittersweet chocolate, flaky sea salt","Dark Chocolate, Strawberry, Flavonoid, Endorphin-Boost, Vegan, Extra-Protein, High-Satiety",mood_happy mood_happy mood_happy happy happy cuisine_continental category_dessert meal_snack diet_vegetarian plant_based light_meal low_calorie light_energy dark chocolate strawberry flavonoid endorphin boost vegan extra protein high satiety organic ripe strawberries 72 dark bittersweet chocolate flaky sea salt,1.93
Protein-Boosted Dark Chocolate & Walnut Magnesium Energy Bites,Snack,American,Snack,Stressed,241,7.0,20.9,12.6,4.0,12.0,1,0,"72% dark chocolate chips, raw English walnuts, medjool dates, rolled oats","Dark Chocolate, Walnut, Magnesium, Anti-Stress, Vegan, Extra-Protein, High-Satiety",mood_stressed mood_stressed mood_stressed stressed stressed cuisine_american category_snack meal_snack diet_vegetarian plant_based light_meal low_calorie light_energy dark chocolate walnut magnesium anti stress vegan extra protein high satiety 72 dark chocolate chips raw english walnuts medjool dates rolled oats,2.9
Protein-Boosted Fresh Guacamole with Stoneground Tortilla Chips,Snack,Mexican,Snack,Happy,368,5.6,34.2,18.9,7.0,2.0,1,1,"Hass avocados, lime juice, jalapeño, sea salt, organic corn tortilla chips","Social, Shareable, Heart-Healthy-Fats, Vegan, Extra-Protein, High-Satiety",mood_happy mood_happy mood_happy happy happy cuisine_mexican category_snack meal_snack diet_vegetarian plant_based high_fiber_satiety digestive_support low_sugar steady_glucose social shareable heart healthy fats vegan extra protein high satiety hass avocados lime juice jalapeo sea salt organic corn tortilla chips,1.52
Protein-Boosted Hummus with Whole-Wheat Pita & Toasted Pepitas,Snack,Mediterranean,Snack,Tired,356,16.8,36.1,14.7,8.0,3.0,1,0,"Chickpea hummus, sesame tahini, whole-wheat pita bread, toasted pepitas, paprika","Pumpkin Seed, Iron, B-Vitamin, Vegan, Extra-Protein, High-Satiety",mood_tired mood_tired mood_tired tired tired cuisine_mediterranean category_snack meal_snack diet_vegetarian plant_based balanced_protein high_fiber_satiety digestive_support low_sugar steady_glucose pumpkin seed iron vitamin vegan extra protein high satiety chickpea hummus sesame tahini whole wheat pita bread toasted pepitas paprika,4.72
Protein-Boosted Spiced Dry-Roasted Almonds with Smoked Paprika,Snack,Continental,Snack,Energetic,241,9.8,6.6,18.9,4.0,1.0,1,1,"Dry-roasted whole California almonds, smoked Spanish paprika, sea salt","Pre-Workout, Quick-Fuel, Keto-Friendly, Vegan, Extra-Protein, High-Satiety",mood_energetic mood_energetic mood_energetic energetic energetic cuisine_continental category_snack meal_snack diet_vegetarian plant_based light_meal low_calorie light_energy low_sugar steady_glucose pre workout quick fuel keto friendly vegan extra protein high satiety dry roasted whole california almonds smoked spanish paprika sea salt,4.07
Protein-Boosted Warm Roasted Sweet Potato Mash with Cinnamon,Side,American,Dinner,Low Mood,276,5.6,49.4,3.2,7.0,14.0,1,0,"Roasted sweet potatoes, Ceylon cinnamon, warm unsweetened almond milk, sea salt","Sweet Potato Mash, Restorative, Comforting, Serotonin-Support, Vegan, Extra-Protein, High-Satiety",mood_low_mood mood_low_mood mood_low_mood low_mood low_mood cuisine_american category_side meal_dinner diet_vegetarian plant_based light_meal low_calorie light_energy high_fiber_satiety digestive_support sweet potato mash restorative comforting serotonin support vegan extra protein high satiety roasted sweet potatoes ceylon cinnamon warm unsweetened almond milk sea salt,2.03
Hearty Warm Lentil & Baby Spinach Soup,Soup,Mediterranean,Dinner,Stressed,408,19.8,57.5,8.0,11.0,4.0,1,0,"Brown lentils, baby spinach, minced garlic, extra virgin olive oil, lemon, cumin","High-Fiber, Magnesium, Vegan, Anti-Stress, Substantial, Filling, High-Energy",mood_stressed mood_stressed mood_stressed stressed stressed cuisine_mediterranean category_soup meal_dinner diet_vegetarian plant_based balanced_protein high_fiber_satiety digestive_support low_sugar steady_glucose high fiber magnesium vegan anti stress substantial filling high energy brown lentils baby spinach minced garlic extra virgin olive oil lemon cumin,4.85
Hearty Ginger Simmered Chicken Broth with Rice,Soup,Asian,Dinner,Low Mood,408,28.6,47.5,9.2,3.0,2.0,0,0,"Poached chicken breast, white jasmine rice, sliced young ginger, scallions","Restorative, Broth, Gut-Friendly, Gluten-Free, Substantial, Filling, High-Energy",mood_low_mood mood_low_mood mood_low_mood low_mood low_mood cuisine_asian category_soup meal_dinner diet_non_veg animal_protein high_protein_rich muscle_fuel low_sugar steady_glucose restorative broth gut friendly gluten free substantial filling high energy poached chicken breast white jasmine rice sliced young ginger scallions,7.01
Hearty Creamy Roasted Pumpkin Soup with Pepitas,Soup,Continental,Dinner,Relaxed,336,6.6,47.5,12.6,6.0,8.0,1,0,"Roasted sugar pumpkin, light coconut milk, pumpkin seed pepitas, nutmeg","Tryptophan, Soothing, Vegan, Gluten-Free, Substantial, Filling, High-Energy",mood_relaxed mood_relaxed mood_relaxed relaxed relaxed cuisine_continental category_soup meal_dinner diet_vegetarian plant_based tryptophan soothing vegan gluten free substantial filling high energy roasted sugar pumpkin light coconut milk pumpkin seed pepitas nutmeg,1.96
Hearty Homestyle Garden Vegetable Noodle Soup,Soup,American,Lunch,Low Mood,312,8.8,55.0,5.8,5.0,4.0,1,0,"Whole-wheat ribbon noodles, diced carrots, celery, fragrant herb vegetable broth","Noodle Soup, Restorative, Warm-Comfort, Vegetarian, Substantial, Filling, High-Energy",mood_low_mood mood_low_mood mood_low_mood low_mood low_mood cuisine_american category_soup meal_lunch diet_vegetarian plant_based low_sugar steady_glucose noodle soup restorative warm comfort vegetarian substantial filling high energy whole wheat ribbon noodles diced carrots celery fragrant herb vegetable broth,2.82
Hearty Fermented Miso Soup with Silken Tofu & Wakame,Soup,Asian,Lunch,Low Mood,168,9.9,15.0,4.6,3.0,2.0,1,0,"Naturally fermented white miso, silken tofu cubes, wakame seaweed, spring green onions","Probiotic, Gut-Health, Low-Calorie, Vegan, Substantial, Filling, High-Energy",mood_low_mood mood_low_mood mood_low_mood low_mood low_mood cuisine_asian category_soup meal_lunch diet_vegetarian plant_based light_meal low_calorie light_energy low_sugar steady_glucose probiotic gut health low calorie vegan substantial filling high energy naturally fermented white miso silken tofu cubes wakame seaweed spring green onions,5.89
Hearty Tuscan White Bean & Tomato Minestrone,Soup,Italian,Dinner,Low Mood,372,15.4,62.5,6.9,10.0,5.0,1,0,"Cannellini beans, stewed plum tomatoes, zucchini, whole grain ditalini pasta, basil","Cannellini, High-Fiber, Soothing, Mediterranean-Diet, Vegan, Substantial, Filling, High-Energy",mood_low_mood mood_low_mood mood_low_mood low_mood low_mood cuisine_italian category_soup meal_dinner diet_vegetarian plant_based balanced_protein high_fiber_satiety digestive_support cannellini high fiber soothing mediterranean diet vegan substantial filling high energy cannellini beans stewed plum tomatoes zucchini whole grain ditalini pasta basil,4.14
Hearty Spiced Black Bean Soup with Crispy Tortillas,Soup,Mexican,Lunch,Tired,396,18.7,65.0,6.9,14.0,3.0,1,1,"Simmered black beans, cumin, Mexican oregano, baked corn tortilla crisps, cilantro","Black Bean, Iron, High-Fiber, Vegan, Gluten-Free, Substantial, Filling, High-Energy",mood_tired mood_tired mood_tired tired tired cuisine_mexican category_soup meal_lunch diet_vegetarian plant_based balanced_protein high_fiber_satiety digestive_support low_sugar steady_glucose black bean iron high fiber vegan gluten free substantial filling high energy simmered black beans cumin mexican oregano baked corn tortilla crisps cilantro,4.72
Hearty Silken Tofu & Enoki Mushroom Dashi,Soup,Asian,Dinner,Relaxed,204,15.4,15.0,5.8,3.0,2.0,1,0,"Silken tofu, enoki mushrooms, kombu vegetable dashi broth, scallions","Gentle, Calming, Tryptophan, Ultra-Light, Vegan, Substantial, Filling, High-Energy",mood_relaxed mood_relaxed mood_relaxed relaxed relaxed cuisine_asian category_soup meal_dinner diet_vegetarian plant_based balanced_protein light_meal low_calorie light_energy low_sugar steady_glucose gentle calming tryptophan ultra light vegan substantial filling high energy silken tofu enoki mushrooms kombu vegetable dashi broth scallions,7.55
Hearty Quinoa & Black Bean Burrito Power Bowl,Bowl,Mexican,Lunch,Tired,552,19.8,87.5,12.6,15.0,4.0,1,1,"White quinoa, spiced simmered black beans, roasted corn, guacamole, salsa verde","Burrito, Iron, Sustained-Energy, High-Fiber, Vegan, Substantial, Filling, High-Energy",mood_tired mood_tired mood_tired tired tired cuisine_mexican category_bowl meal_lunch diet_vegetarian plant_based balanced_protein hearty_substantial high_energy high_fiber_satiety digestive_support low_sugar steady_glucose burrito iron sustained energy high fiber vegan substantial filling high energy white quinoa spiced simmered black beans roasted corn guacamole salsa verde,3.59
Hearty Roasted Sweet Potato & Black Bean Bowl,Bowl,Mexican,Lunch,Stressed,504,15.4,85.0,10.3,14.0,9.0,1,1,"Garnet sweet potatoes, black beans, sweet corn, cilantro, lime vinaigrette","Magnesium, Complex-Carbs, Vegan, Gluten-Free, Substantial, Filling, High-Energy",mood_stressed mood_stressed mood_stressed stressed stressed cuisine_mexican category_bowl meal_lunch diet_vegetarian plant_based balanced_protein hearty_substantial high_energy high_fiber_satiety digestive_support magnesium complex carbs vegan gluten free substantial filling high energy garnet sweet potatoes black beans sweet corn cilantro lime vinaigrette,3.06
Hearty Grilled Lemon Herb Chicken & Quinoa Power Bowl,Bowl,American,Lunch,Energetic,576,50.6,57.5,13.8,7.0,3.0,0,0,"Grilled chicken breast, Andean tricolor quinoa, massaged kale, avocado, lemon tahini","Protein Bowl, Pre-Workout, High-Protein, Lean-Muscle, Substantial, Filling, High-Energy",mood_energetic mood_energetic mood_energetic energetic energetic cuisine_american category_bowl meal_lunch diet_non_veg animal_protein high_protein_rich muscle_fuel hearty_substantial high_energy high_fiber_satiety digestive_support low_sugar steady_glucose protein bowl pre workout high protein lean muscle substantial filling high energy grilled chicken breast andean tricolor quinoa massaged kale avocado lemon tahini,8.78
Hearty South Indian Tempered Curd Rice with Pomegranate,Bowl,Indian,Lunch,Low Mood,372,9.9,65.0,8.0,3.0,6.0,1,0,"Cooked basmati rice, probiotic whole curd yogurt, mustard seeds, curry leaves, pomegranate","Curd, Probiotic, Gut-Brain, Ayurvedic, Vegetarian, Substantial, Filling, High-Energy",mood_low_mood mood_low_mood mood_low_mood low_mood low_mood cuisine_indian category_bowl meal_lunch diet_vegetarian plant_based curd probiotic gut brain ayurvedic vegetarian substantial filling high energy cooked basmati rice probiotic whole curd yogurt mustard seeds curry leaves pomegranate,2.66
Hearty Chamomile Steamed Tofu & Brown Jasmine Rice,Bowl,Asian,Dinner,Stressed,468,23.1,61.2,10.3,6.0,2.0,1,0,"Firm tofu cubes, brown jasmine rice, chamomile herbal broth, baby bok choy, sesame oil","Chamomile, Calming, Magnesium, Plant-Protein, Vegan, Substantial, Filling, High-Energy",mood_stressed mood_stressed mood_stressed stressed stressed cuisine_asian category_bowl meal_dinner diet_vegetarian plant_based high_protein_rich muscle_fuel hearty_substantial high_energy low_sugar steady_glucose chamomile calming magnesium plant protein vegan substantial filling high energy firm tofu cubes brown jasmine rice chamomile herbal broth baby bok choy sesame oil,4.94
Hearty Fragrant Jasmine Rice with Steamed Sesame Greens,Bowl,Asian,Dinner,Relaxed,408,8.8,77.5,6.9,5.0,3.0,1,0,"Thai jasmine rice, baby bok choy, sugar snap peas, cold-pressed sesame oil","Jasmine Rice, Gentle, Easy-Digestion, Tryptophan, Vegan, Substantial, Filling, High-Energy",mood_relaxed mood_relaxed mood_relaxed relaxed relaxed cuisine_asian category_bowl meal_dinner diet_vegetarian plant_based low_sugar steady_glucose jasmine rice gentle easy digestion tryptophan vegan substantial filling high energy thai jasmine rice baby bok choy sugar snap peas cold pressed sesame oil,2.16
Hearty Buckwheat Soba & Edamame Protein Bowl,Bowl,Asian,Lunch,Energetic,504,22.0,77.5,11.5,8.0,5.0,1,0,"100% buckwheat soba noodles, steamed edamame, purple cabbage, sesame ginger vinaigrette","Protein Bowl, Pre-Workout, Clean-Carbs, Vegan, Substantial, Filling, High-Energy",mood_energetic mood_energetic mood_energetic energetic energetic cuisine_asian category_bowl meal_lunch diet_vegetarian plant_based high_protein_rich muscle_fuel hearty_substantial high_energy high_fiber_satiety digestive_support protein bowl pre workout clean carbs vegan substantial filling high energy 100 buckwheat soba noodles steamed edamame purple cabbage sesame ginger vinaigrette,4.37
Hearty Spinach & Moong Dal Khichdi with Ghee,Curry,Indian,Dinner,Stressed,432,16.5,67.5,9.2,8.0,2.0,1,0,"Yellow moong lentils, basmati rice, fresh spinach, turmeric, cumin seeds, pure cow ghee","Spinach, Lentil, Magnesium, Ayurvedic-Comfort, Soothing, Substantial, Filling, High-Energy",mood_stressed mood_stressed mood_stressed stressed stressed cuisine_indian category_curry meal_dinner diet_vegetarian plant_based balanced_protein high_fiber_satiety digestive_support low_sugar steady_glucose spinach lentil magnesium ayurvedic comfort soothing substantial filling high energy yellow moong lentils basmati rice fresh spinach turmeric cumin seeds pure cow ghee,3.82
Hearty Homestyle Yellow Toor Dal with Cumin Rice,Curry,Indian,Dinner,Relaxed,456,15.4,75.0,8.0,9.0,3.0,1,0,"Yellow toor dal lentils, steamed basmati rice, toasted cumin, mild turmeric, ripe tomato","Lentil, Traditional-Comfort, Tryptophan, Gentle, Vegan, Substantial, Filling, High-Energy",mood_relaxed mood_relaxed mood_relaxed relaxed relaxed cuisine_indian category_curry meal_dinner diet_vegetarian plant_based balanced_protein hearty_substantial high_energy high_fiber_satiety digestive_support low_sugar steady_glucose lentil traditional comfort tryptophan gentle vegan substantial filling high energy yellow toor dal lentils steamed basmati rice toasted cumin mild turmeric ripe tomato,3.38
Hearty Iron-Rich Palak Paneer with Whole Wheat Roti,Curry,Indian,Dinner,Tired,504,22.0,47.5,25.3,7.0,4.0,1,1,"Fresh spinach puree, paneer cheese, whole wheat flour roti, garlic, garam masala","Iron, B-Vitamin, High-Protein, Vegetarian, Substantial, Filling, High-Energy",mood_tired mood_tired mood_tired tired tired cuisine_indian category_curry meal_dinner diet_vegetarian plant_based high_protein_rich muscle_fuel hearty_substantial high_energy high_fiber_satiety digestive_support low_sugar steady_glucose iron vitamin high protein vegetarian substantial filling high energy fresh spinach puree paneer cheese whole wheat flour roti garlic garam masala,4.37
Hearty Wild Atlantic Salmon with Steamed Asparagus,Main,Continental,Dinner,Stressed,576,41.8,15.0,29.9,5.0,2.0,0,0,"Wild salmon fillet, green asparagus spears, virgin olive oil, lemon zest, sea salt","Salmon, Omega-3, Magnesium, High-Protein, Gluten-Free, Substantial, Filling, High-Energy",mood_stressed mood_stressed mood_stressed stressed stressed cuisine_continental category_main meal_dinner diet_non_veg animal_protein high_protein_rich muscle_fuel hearty_substantial high_energy low_sugar steady_glucose salmon omega magnesium high protein gluten free substantial filling high energy wild salmon fillet green asparagus spears virgin olive oil lemon zest sea salt,7.26
Hearty Herbal Baked Atlantic Cod with Zucchini,Main,Mediterranean,Dinner,Relaxed,432,39.6,17.5,18.4,4.0,4.0,0,0,"Cod fillet, tender zucchini ribbons, fresh dill, virgin olive oil, garlic","Cod, Tryptophan, Gentle, Light-Dinner, High-Protein, Substantial, Filling, High-Energy",mood_relaxed mood_relaxed mood_relaxed relaxed relaxed cuisine_mediterranean category_main meal_dinner diet_non_veg animal_protein high_protein_rich muscle_fuel low_sugar steady_glucose cod tryptophan gentle light dinner high protein substantial filling high energy cod fillet tender zucchini ribbons fresh dill virgin olive oil garlic,9.17
Hearty Grilled Lemon Herb Chicken with Brown Rice,Main,American,Dinner,Energetic,588,50.6,60.0,11.5,7.0,3.0,0,0,"Skinless chicken breast, steamed brown basmati rice, steamed fresh broccoli, olive oil","High-Protein, Pre-Workout, Clean-Fuel, Gluten-Free, Substantial, Filling, High-Energy",mood_energetic mood_energetic mood_energetic energetic energetic cuisine_american category_main meal_dinner diet_non_veg animal_protein high_protein_rich muscle_fuel hearty_substantial high_energy high_fiber_satiety digestive_support low_sugar steady_glucose high protein pre workout clean fuel gluten free substantial filling high energy skinless chicken breast steamed brown basmati rice steamed fresh broccoli olive oil,8.61
Hearty Grilled Pacific Shrimp with Lemon Herb Quinoa,Main,Mediterranean,Dinner,Energetic,468,37.4,47.5,11.5,5.0,2.0,0,0,"Wild white shrimp, tri-color quinoa, Italian flat-leaf parsley, lemon zest, olive oil","Pre-Workout, High-Protein, Lean, Gluten-Free, Substantial, Filling, High-Energy",mood_energetic mood_energetic mood_energetic energetic energetic cuisine_mediterranean category_main meal_dinner diet_non_veg animal_protein high_protein_rich muscle_fuel hearty_substantial high_energy low_sugar steady_glucose pre workout high protein lean gluten free substantial filling high energy wild white shrimp tri color quinoa italian flat leaf parsley lemon zest olive oil,7.99
Hearty Artisanal Margherita Sourdough Flatbread,Main,Italian,Lunch,Happy,552,19.8,70.0,20.7,4.0,5.0,1,0,"San Marzano plum tomatoes, fresh buffalo mozzarella, sweet basil, sourdough olive crust","Flatbread, Pizza, Social, Sensory-Joy, Vegetarian, Substantial, Filling, High-Energy",mood_happy mood_happy mood_happy happy happy cuisine_italian category_main meal_lunch diet_vegetarian plant_based balanced_protein hearty_substantial high_energy flatbread pizza social sensory joy vegetarian substantial filling high energy san marzano plum tomatoes fresh buffalo mozzarella sweet basil sourdough olive crust,3.59
Hearty Mediterranean Mezze Platter with Baked Falafel,Main,Mediterranean,Lunch,Happy,588,17.6,72.5,25.3,12.0,6.0,1,0,"Baked chickpea falafel, velvety hummus, kalamata olives, diced cucumbers, warm pita","Mezze, Social, High-Fiber, Vegan, Substantial, Filling, High-Energy",mood_happy mood_happy mood_happy happy happy cuisine_mediterranean category_main meal_lunch diet_vegetarian plant_based balanced_protein hearty_substantial high_energy high_fiber_satiety digestive_support mezze social high fiber vegan substantial filling high energy baked chickpea falafel velvety hummus kalamata olives diced cucumbers warm pita,2.99
Hearty Vegetable Dum Biryani with Cool Mint Raita,Main,Indian,Lunch,Happy,576,14.3,90.0,16.1,7.0,5.0,1,1,"Aged basmati rice, green beans, carrots, saffron threads, fresh mint, cucumber raita","Biryani, Celebration, Social, Aromatic, Vegetarian, Substantial, Filling, High-Energy",mood_happy mood_happy mood_happy happy happy cuisine_indian category_main meal_lunch diet_vegetarian plant_based balanced_protein hearty_substantial high_energy high_fiber_satiety digestive_support biryani celebration social aromatic vegetarian substantial filling high energy aged basmati rice green beans carrots saffron threads fresh mint cucumber raita,2.48
Hearty Baja Grilled White Fish Tacos with Purple Slaw,Main,Mexican,Lunch,Happy,528,30.8,52.5,18.4,6.0,4.0,0,1,"Grilled cod, stoneground corn tortillas, shaved purple cabbage, avocado crema, lime","Taco, Social, Lean-Protein, Gluten-Free, Substantial, Filling, High-Energy",mood_happy mood_happy mood_happy happy happy cuisine_mexican category_main meal_lunch diet_non_veg animal_protein high_protein_rich muscle_fuel hearty_substantial high_energy low_sugar steady_glucose taco social lean protein gluten free substantial filling high energy grilled cod stoneground corn tortillas shaved purple cabbage avocado crema lime,5.83
Hearty Tandoori Paneer Tikka with Mint Chutney,Main,Indian,Dinner,Happy,492,26.4,17.5,32.2,3.0,4.0,1,1,"Marinated paneer cheese blocks, Kashmiri chili, chickpea flour, lemon, green mint dip","Social, High-Protein, Vegetarian, Gluten-Free, Substantial, Filling, High-Energy",mood_happy mood_happy mood_happy happy happy cuisine_indian category_main meal_dinner diet_vegetarian plant_based high_protein_rich muscle_fuel hearty_substantial high_energy low_sugar steady_glucose social high protein vegetarian gluten free substantial filling high energy marinated paneer cheese blocks kashmiri chili chickpea flour lemon green mint dip,5.37
Hearty Oatmeal with Blueberries & Pumpkin Seeds,Breakfast,American,Breakfast,Stressed,384,12.1,60.0,10.3,8.0,10.0,1,0,"Rolled whole oats, wild blueberries, raw pumpkin seeds, almond milk, Ceylon cinnamon","Oatmeal, Pumpkin Seed, Magnesium, Antioxidant, Vegan, Substantial, Filling, High-Energy",mood_stressed mood_stressed mood_stressed stressed stressed cuisine_american category_breakfast meal_breakfast diet_vegetarian plant_based balanced_protein high_fiber_satiety digestive_support oatmeal pumpkin seed magnesium antioxidant vegan substantial filling high energy rolled whole oats wild blueberries raw pumpkin seeds almond milk ceylon cinnamon,3.15
Hearty Banana Almond Butter High-Protein Oatmeal,Breakfast,American,Breakfast,Energetic,492,24.2,70.0,14.9,8.0,16.0,1,0,"Rolled oats, plant protein isolate, ripe banana, natural almond butter, cinnamon","Banana, Peanut Butter, Pre-Workout, Protein Bowl, Vegan, Substantial, Filling, High-Energy",mood_energetic mood_energetic mood_energetic energetic energetic cuisine_american category_breakfast meal_breakfast diet_vegetarian plant_based high_protein_rich muscle_fuel hearty_substantial high_energy high_fiber_satiety digestive_support banana peanut butter pre workout protein bowl vegan substantial filling high energy rolled oats plant protein isolate ripe banana natural almond butter cinnamon,4.92
Hearty Egg & Avocado Sprouted Whole-Grain Wrap,Breakfast,American,Breakfast,Tired,468,22.0,45.0,20.7,7.0,3.0,1,0,"Scrambled pasture eggs, sprouted tortilla, fresh avocado slices, baby spinach","Avocado Wrap, Egg, B-Vitamin, Clean-Protein, Vegetarian, Substantial, Filling, High-Energy",mood_tired mood_tired mood_tired tired tired cuisine_american category_breakfast meal_breakfast diet_vegetarian plant_based high_protein_rich muscle_fuel hearty_substantial high_energy high_fiber_satiety digestive_support low_sugar steady_glucose avocado wrap egg vitamin clean protein vegetarian substantial filling high energy scrambled pasture eggs sprouted tortilla fresh avocado slices baby spinach,4.7
Hearty Avocado Sourdough Toast with Raw Hemp Hearts,Breakfast,Continental,Breakfast,Stressed,396,9.9,42.5,20.7,9.0,2.0,1,0,"Artisan sourdough bread, mashed Hass avocado, raw hemp seeds, lemon juice, sea salt","Magnesium, Healthy-Fats, High-Fiber, Vegan, Substantial, Filling, High-Energy",mood_stressed mood_stressed mood_stressed stressed stressed cuisine_continental category_breakfast meal_breakfast diet_vegetarian plant_based high_fiber_satiety digestive_support low_sugar steady_glucose magnesium healthy fats high fiber vegan substantial filling high energy artisan sourdough bread mashed hass avocado raw hemp seeds lemon juice sea salt,2.5
Hearty Greek Yogurt Parfait with Granola & Chia Seeds,Breakfast,Mediterranean,Breakfast,Energetic,408,26.4,52.5,10.3,5.0,14.0,1,0,"Nonfat strained Greek yogurt, artisan oat granola, black chia seeds, fresh blackberries","Pre-Workout, High-Protein, Vegetarian, Calcium-Rich, Substantial, Filling, High-Energy",mood_energetic mood_energetic mood_energetic energetic energetic cuisine_mediterranean category_breakfast meal_breakfast diet_vegetarian plant_based high_protein_rich muscle_fuel pre workout high protein vegetarian calcium rich substantial filling high energy nonfat strained greek yogurt artisan oat granola black chia seeds fresh blackberries,6.47
Hearty Rainbow Acai Superfruit Breakfast Bowl,Breakfast,American,Breakfast,Happy,432,8.8,77.5,11.5,9.0,26.0,1,0,"Acai berry puree, ripe banana, golden kiwi slices, wild blueberries, black chia seeds","Acai, Antioxidant, Colorful, Vegan, Flavonoid, Substantial, Filling, High-Energy",mood_happy mood_happy mood_happy happy happy cuisine_american category_breakfast meal_breakfast diet_vegetarian plant_based high_fiber_satiety digestive_support acai antioxidant colorful vegan flavonoid substantial filling high energy acai berry puree ripe banana golden kiwi slices wild blueberries black chia seeds,2.04
Hearty Hard Boiled Pasture Eggs with Everything Spice,Breakfast,American,Breakfast,Tired,180,14.3,2.5,11.5,1.0,1.0,1,0,"Two large pasture-raised eggs, poppy seeds, toasted sesame, garlic flakes, sea salt","Egg, Iron, High-Protein, Zero-Sugar, Vegetarian, Substantial, Filling, High-Energy",mood_tired mood_tired mood_tired tired tired cuisine_american category_breakfast meal_breakfast diet_vegetarian plant_based balanced_protein light_meal low_calorie light_energy low_sugar steady_glucose egg iron high protein zero sugar vegetarian substantial filling high energy two large pasture raised eggs poppy seeds toasted sesame garlic flakes sea salt,7.94
Hearty Warm Steel-Cut Oats with Stewed Gala Apples,Breakfast,American,Breakfast,Stressed,408,9.9,67.5,12.6,7.0,14.0,1,0,"Steel-cut oats, cinnamon-stewed Gala apples, crushed raw walnuts, pure maple touch","Oatmeal, Walnut, Comforting, Serotonin-Support, Vegan, Substantial, Filling, High-Energy",mood_stressed mood_stressed mood_stressed stressed stressed cuisine_american category_breakfast meal_breakfast diet_vegetarian plant_based high_fiber_satiety digestive_support oatmeal walnut comforting serotonin support vegan substantial filling high energy steel cut oats cinnamon stewed gala apples crushed raw walnuts pure maple touch,2.43
Hearty Whipped Ricotta Toast on Sourdough with Honey,Breakfast,Italian,Breakfast,Relaxed,348,13.2,47.5,11.5,3.0,12.0,1,0,"Country sourdough bread, whipped whole milk ricotta cheese, clover honey, sea salt","Tryptophan, Comforting, Vegetarian, Substantial, Filling, High-Energy",mood_relaxed mood_relaxed mood_relaxed relaxed relaxed cuisine_italian category_breakfast meal_breakfast diet_vegetarian plant_based balanced_protein tryptophan comforting vegetarian substantial filling high energy country sourdough bread whipped whole milk ricotta cheese clover honey sea salt,3.79
Hearty Sprouted Moong Lentil Salad with Pomegranate,Salad,Indian,Lunch,Tired,324,15.4,52.5,4.6,10.0,12.0,1,0,"Sprouted green moong beans, ruby pomegranate arils, shredded carrots, lime juice","Sprout, Iron, Raw-Enzymes, Vegan, Gluten-Free, Substantial, Filling, High-Energy",mood_tired mood_tired mood_tired tired tired cuisine_indian category_salad meal_lunch diet_vegetarian plant_based balanced_protein high_fiber_satiety digestive_support sprout iron raw enzymes vegan gluten free substantial filling high energy sprouted green moong beans ruby pomegranate arils shredded carrots lime juice,4.75
"Hearty Roasted Beetroot, Walnut & Goat Cheese Salad",Salad,Mediterranean,Lunch,Stressed,408,12.1,35.0,23.0,6.0,16.0,1,0,"Roasted red beets, baby arugula, toasted walnuts, creamy goat cheese, aged balsamic","Beetroot, Nitrate, Walnut, Magnesium, Vegetarian, Substantial, Filling, High-Energy",mood_stressed mood_stressed mood_stressed stressed stressed cuisine_mediterranean category_salad meal_lunch diet_vegetarian plant_based balanced_protein beetroot nitrate walnut magnesium vegetarian substantial filling high energy roasted red beets baby arugula toasted walnuts creamy goat cheese aged balsamic,2.97
Hearty Crispy Spiced Chickpea & Tuscan Kale Salad,Salad,Mediterranean,Lunch,Energetic,432,17.6,55.0,16.1,11.0,4.0,1,1,"Paprika roasted chickpeas, chopped lacinato kale, tahini lemon dressing, sunflower seeds","Iron, Pre-Workout, Protein Bowl, Vegan, Substantial, Filling, High-Energy",mood_energetic mood_energetic mood_energetic energetic energetic cuisine_mediterranean category_salad meal_lunch diet_vegetarian plant_based balanced_protein high_fiber_satiety digestive_support low_sugar steady_glucose iron pre workout protein bowl vegan substantial filling high energy paprika roasted chickpeas chopped lacinato kale tahini lemon dressing sunflower seeds,4.07
Hearty Italian Caprese Salad with Buffalo Mozzarella,Salad,Italian,Lunch,Happy,372,17.6,10.0,27.6,2.0,5.0,1,0,"Vine heirloom tomatoes, fresh water buffalo mozzarella, sweet basil, balsamic glaze","Social, Fresh-Simplicity, High-Calcium, Vegetarian, Substantial, Filling, High-Energy",mood_happy mood_happy mood_happy happy happy cuisine_italian category_salad meal_lunch diet_vegetarian plant_based balanced_protein social fresh simplicity high calcium vegetarian substantial filling high energy vine heirloom tomatoes fresh water buffalo mozzarella sweet basil balsamic glaze,4.73
Hearty Golden Turmeric Spiced Warm Almond Milk,Beverage,Indian,Snack,Stressed,192,6.6,20.0,8.0,1.0,12.0,1,0,"Almond milk, ground turmeric root, black pepper, cinnamon, raw honey, cardamom","Anti-Stress, Calming, Anti-Inflammatory, Vegetarian, Substantial, Filling, High-Energy",mood_stressed mood_stressed mood_stressed stressed stressed cuisine_indian category_beverage meal_snack diet_vegetarian plant_based light_meal low_calorie light_energy anti stress calming anti inflammatory vegetarian substantial filling high energy almond milk ground turmeric root black pepper cinnamon raw honey cardamom,3.44
Hearty Organic Chamomile Peppermint Herbal Infusion,Beverage,Continental,Snack,Stressed,12,0.0,2.5,0.0,0.0,0.0,1,0,"Whole dried chamomile flower heads, crushed spearmint and peppermint leaves, pure water","Chamomile, Peppermint, Soothing, Caffeine-Free, Vegan, Substantial, Filling, High-Energy",mood_stressed mood_stressed mood_stressed stressed stressed cuisine_continental category_beverage meal_snack diet_vegetarian plant_based light_meal low_calorie light_energy low_sugar steady_glucose chamomile peppermint soothing caffeine free vegan substantial filling high energy whole dried chamomile flower heads crushed spearmint peppermint leaves pure water,0.0
Hearty Ceremonial Matcha Oat Milk Green Tea Latte,Beverage,Asian,Snack,Tired,216,4.4,32.5,6.9,3.0,12.0,1,0,"Ceremonial Japanese matcha, barista oat milk, organic blue agave, vanilla extract","Matcha, Iron, Sustained-Focus, Vegan, Substantial, Filling, High-Energy",mood_tired mood_tired mood_tired tired tired cuisine_asian category_beverage meal_snack diet_vegetarian plant_based light_meal low_calorie light_energy matcha iron sustained focus vegan substantial filling high energy ceremonial japanese matcha barista oat milk organic blue agave vanilla extract,2.04
"Hearty Raw Beetroot, Ginger & Orange Performance Juice",Beverage,Continental,Snack,Energetic,228,4.4,52.5,1.1,5.0,28.0,1,0,"Cold-pressed red beet juice, Valencia orange juice, tender coconut water, fresh ginger","Beetroot, Nitrate, Electrolyte, Pre-Workout, Vegan, Substantial, Filling, High-Energy",mood_energetic mood_energetic mood_energetic energetic energetic cuisine_continental category_beverage meal_snack diet_vegetarian plant_based light_meal low_calorie light_energy beetroot nitrate electrolyte pre workout vegan substantial filling high energy cold pressed red beet juice valencia orange juice tender coconut water fresh ginger,1.93
Hearty Natural Tender Coconut Water with Fresh Lime,Beverage,Asian,Snack,Energetic,72,1.1,17.5,0.0,1.0,11.0,1,0,"Raw tender green coconut water, Persian lime juice, Himalayan pink salt pinch","Coconut Water, Electrolyte, Hydrating, Potassium, Vegan, Substantial, Filling, High-Energy",mood_energetic mood_energetic mood_energetic energetic energetic cuisine_asian category_beverage meal_snack diet_vegetarian plant_based light_meal low_calorie light_energy coconut water electrolyte hydrating potassium vegan substantial filling high energy raw tender green coconut water persian lime juice himalayan pink salt pinch,1.53
Hearty Sparkling Wild Raspberry Garden Mint Spritzer,Beverage,Continental,Snack,Happy,84,1.1,22.5,0.0,3.0,13.0,1,0,"Sparkling mineral water, muddled red raspberries, fresh garden mint, lime splash","Berry, Social, Refreshing, Flavonoid, Vegan, Substantial, Filling, High-Energy",mood_happy mood_happy mood_happy happy happy cuisine_continental category_beverage meal_snack diet_vegetarian plant_based light_meal low_calorie light_energy berry social refreshing flavonoid vegan substantial filling high energy sparkling mineral water muddled red raspberries fresh garden mint lime splash,1.31
Hearty Caffeine-Free Rooibos Chai with Steamed Oat Milk,Beverage,Indian,Snack,Relaxed,168,3.3,27.5,4.6,1.0,14.0,1,0,"Red rooibos tea, oat milk, crushed green cardamom pods, cinnamon, clove, honey","Soothing-Aromas, Calming, Tryptophan, Vegetarian, Substantial, Filling, High-Energy",mood_relaxed mood_relaxed mood_relaxed relaxed relaxed cuisine_indian category_beverage meal_snack diet_vegetarian plant_based light_meal low_calorie light_energy soothing aromas calming tryptophan vegetarian substantial filling high energy red rooibos tea oat milk crushed green cardamom pods cinnamon clove honey,1.96
Hearty Fresh Organic Strawberries in 72% Dark Chocolate,Dessert,Continental,Snack,Happy,228,3.3,32.5,11.5,4.0,18.0,1,0,"Organic ripe strawberries, 72% dark bittersweet chocolate, flaky sea salt","Dark Chocolate, Strawberry, Flavonoid, Endorphin-Boost, Vegan, Substantial, Filling, High-Energy",mood_happy mood_happy mood_happy happy happy cuisine_continental category_dessert meal_snack diet_vegetarian plant_based light_meal low_calorie light_energy dark chocolate strawberry flavonoid endorphin boost vegan substantial filling high energy organic ripe strawberries 72 dark bittersweet chocolate flaky sea salt,1.45
Hearty Dark Chocolate & Walnut Magnesium Energy Bites,Snack,American,Snack,Stressed,252,5.5,27.5,13.8,4.0,12.0,1,0,"72% dark chocolate chips, raw English walnuts, medjool dates, rolled oats","Dark Chocolate, Walnut, Magnesium, Anti-Stress, Vegan, Substantial, Filling, High-Energy",mood_stressed mood_stressed mood_stressed stressed stressed cuisine_american category_snack meal_snack diet_vegetarian plant_based light_meal low_calorie light_energy dark chocolate walnut magnesium anti stress vegan substantial filling high energy 72 dark chocolate chips raw english walnuts medjool dates rolled oats,2.18
Hearty Fresh Guacamole with Stoneground Tortilla Chips,Snack,Mexican,Snack,Happy,384,4.4,45.0,20.7,7.0,2.0,1,1,"Hass avocados, lime juice, jalapeño, sea salt, organic corn tortilla chips","Social, Shareable, Heart-Healthy-Fats, Vegan, Substantial, Filling, High-Energy",mood_happy mood_happy mood_happy happy happy cuisine_mexican category_snack meal_snack diet_vegetarian plant_based high_fiber_satiety digestive_support low_sugar steady_glucose social shareable heart healthy fats vegan substantial filling high energy hass avocados lime juice jalapeo sea salt organic corn tortilla chips,1.15
Hearty Hummus with Whole-Wheat Pita & Toasted Pepitas,Snack,Mediterranean,Snack,Tired,372,13.2,47.5,16.1,8.0,3.0,1,0,"Chickpea hummus, sesame tahini, whole-wheat pita bread, toasted pepitas, paprika","Pumpkin Seed, Iron, B-Vitamin, Vegan, Substantial, Filling, High-Energy",mood_tired mood_tired mood_tired tired tired cuisine_mediterranean category_snack meal_snack diet_vegetarian plant_based balanced_protein high_fiber_satiety digestive_support low_sugar steady_glucose pumpkin seed iron vitamin vegan substantial filling high energy chickpea hummus sesame tahini whole wheat pita bread toasted pepitas paprika,3.55
Hearty Spiced Dry-Roasted Almonds with Smoked Paprika,Snack,Continental,Snack,Energetic,252,7.7,8.8,20.7,4.0,1.0,1,1,"Dry-roasted whole California almonds, smoked Spanish paprika, sea salt","Pre-Workout, Quick-Fuel, Keto-Friendly, Vegan, Substantial, Filling, High-Energy",mood_energetic mood_energetic mood_energetic energetic energetic cuisine_continental category_snack meal_snack diet_vegetarian plant_based light_meal low_calorie light_energy low_sugar steady_glucose pre workout quick fuel keto friendly vegan substantial filling high energy dry roasted whole california almonds smoked spanish paprika sea salt,3.06
Hearty Warm Roasted Sweet Potato Mash with Cinnamon,Side,American,Dinner,Low Mood,288,4.4,65.0,3.4,7.0,14.0,1,0,"Roasted sweet potatoes, Ceylon cinnamon, warm unsweetened almond milk, sea salt","Sweet Potato Mash, Restorative, Comforting, Serotonin-Support, Vegan, Substantial, Filling, High-Energy",mood_low_mood mood_low_mood mood_low_mood low_mood low_mood cuisine_american category_side meal_dinner diet_vegetarian plant_based high_fiber_satiety digestive_support sweet potato mash restorative comforting serotonin support vegan substantial filling high energy roasted sweet potatoes ceylon cinnamon warm unsweetened almond milk sea salt,1.53
Herbal-Spiced Warm Lentil & Baby Spinach Soup,Soup,Mediterranean,Dinner,Stressed,323,18.0,43.7,6.3,11.0,4.0,1,0,"Brown lentils, baby spinach, minced garlic, extra virgin olive oil, lemon, cumin","High-Fiber, Magnesium, Vegan, Anti-Stress, Herbal-Enhanced, Digestive-Support",mood_stressed mood_stressed mood_stressed stressed stressed cuisine_mediterranean category_soup meal_dinner diet_vegetarian plant_based balanced_protein high_fiber_satiety digestive_support low_sugar steady_glucose high fiber magnesium vegan anti stress herbal enhanced digestive support brown lentils baby spinach minced garlic extra virgin olive oil lemon cumin,5.57
Herbal-Spiced Ginger Simmered Chicken Broth with Rice,Soup,Asian,Dinner,Low Mood,323,26.0,36.1,7.2,3.0,2.0,0,0,"Poached chicken breast, white jasmine rice, sliced young ginger, scallions","Restorative, Broth, Gut-Friendly, Gluten-Free, Herbal-Enhanced, Digestive-Support",mood_low_mood mood_low_mood mood_low_mood low_mood low_mood cuisine_asian category_soup meal_dinner diet_non_veg animal_protein high_protein_rich muscle_fuel low_sugar steady_glucose restorative broth gut friendly gluten free herbal enhanced digestive support poached chicken breast white jasmine rice sliced young ginger scallions,8.05
Herbal-Spiced Creamy Roasted Pumpkin Soup with Pepitas,Soup,Continental,Dinner,Relaxed,266,6.0,36.1,9.9,6.0,8.0,1,0,"Roasted sugar pumpkin, light coconut milk, pumpkin seed pepitas, nutmeg","Tryptophan, Soothing, Vegan, Gluten-Free, Herbal-Enhanced, Digestive-Support",mood_relaxed mood_relaxed mood_relaxed relaxed relaxed cuisine_continental category_soup meal_dinner diet_vegetarian plant_based light_meal low_calorie light_energy tryptophan soothing vegan gluten free herbal enhanced digestive support roasted sugar pumpkin light coconut milk pumpkin seed pepitas nutmeg,2.26
Herbal-Spiced Homestyle Garden Vegetable Noodle Soup,Soup,American,Lunch,Low Mood,247,8.0,41.8,4.5,5.0,4.0,1,0,"Whole-wheat ribbon noodles, diced carrots, celery, fragrant herb vegetable broth","Noodle Soup, Restorative, Warm-Comfort, Vegetarian, Herbal-Enhanced, Digestive-Support",mood_low_mood mood_low_mood mood_low_mood low_mood low_mood cuisine_american category_soup meal_lunch diet_vegetarian plant_based light_meal low_calorie light_energy low_sugar steady_glucose noodle soup restorative warm comfort vegetarian herbal enhanced digestive support whole wheat ribbon noodles diced carrots celery fragrant herb vegetable broth,3.24
Herbal-Spiced Fermented Miso Soup with Silken Tofu & Wakame,Soup,Asian,Lunch,Low Mood,133,9.0,11.4,3.6,3.0,2.0,1,0,"Naturally fermented white miso, silken tofu cubes, wakame seaweed, spring green onions","Probiotic, Gut-Health, Low-Calorie, Vegan, Herbal-Enhanced, Digestive-Support",mood_low_mood mood_low_mood mood_low_mood low_mood low_mood cuisine_asian category_soup meal_lunch diet_vegetarian plant_based light_meal low_calorie light_energy low_sugar steady_glucose probiotic gut health low calorie vegan herbal enhanced digestive support naturally fermented white miso silken tofu cubes wakame seaweed spring green onions,6.77
Herbal-Spiced Tuscan White Bean & Tomato Minestrone,Soup,Italian,Dinner,Low Mood,294,14.0,47.5,5.4,10.0,5.0,1,0,"Cannellini beans, stewed plum tomatoes, zucchini, whole grain ditalini pasta, basil","Cannellini, High-Fiber, Soothing, Mediterranean-Diet, Vegan, Herbal-Enhanced, Digestive-Support",mood_low_mood mood_low_mood mood_low_mood low_mood low_mood cuisine_italian category_soup meal_dinner diet_vegetarian plant_based balanced_protein high_fiber_satiety digestive_support cannellini high fiber soothing mediterranean diet vegan herbal enhanced digestive support cannellini beans stewed plum tomatoes zucchini whole grain ditalini pasta basil,4.76
Herbal-Spiced Spiced Black Bean Soup with Crispy Tortillas,Soup,Mexican,Lunch,Tired,314,17.0,49.4,5.4,14.0,3.0,1,1,"Simmered black beans, cumin, Mexican oregano, baked corn tortilla crisps, cilantro","Black Bean, Iron, High-Fiber, Vegan, Gluten-Free, Herbal-Enhanced, Digestive-Support",mood_tired mood_tired mood_tired tired tired cuisine_mexican category_soup meal_lunch diet_vegetarian plant_based balanced_protein high_fiber_satiety digestive_support low_sugar steady_glucose black bean iron high fiber vegan gluten free herbal enhanced digestive support simmered black beans cumin mexican oregano baked corn tortilla crisps cilantro,5.41
Herbal-Spiced Silken Tofu & Enoki Mushroom Dashi,Soup,Asian,Dinner,Relaxed,162,14.0,11.4,4.5,3.0,2.0,1,0,"Silken tofu, enoki mushrooms, kombu vegetable dashi broth, scallions","Gentle, Calming, Tryptophan, Ultra-Light, Vegan, Herbal-Enhanced, Digestive-Support",mood_relaxed mood_relaxed mood_relaxed relaxed relaxed cuisine_asian category_soup meal_dinner diet_vegetarian plant_based balanced_protein light_meal low_calorie light_energy low_sugar steady_glucose gentle calming tryptophan ultra light vegan herbal enhanced digestive support silken tofu enoki mushrooms kombu vegetable dashi broth scallions,8.64
Herbal-Spiced Quinoa & Black Bean Burrito Power Bowl,Bowl,Mexican,Lunch,Tired,437,18.0,66.5,9.9,15.0,4.0,1,1,"White quinoa, spiced simmered black beans, roasted corn, guacamole, salsa verde","Burrito, Iron, Sustained-Energy, High-Fiber, Vegan, Herbal-Enhanced, Digestive-Support",mood_tired mood_tired mood_tired tired tired cuisine_mexican category_bowl meal_lunch diet_vegetarian plant_based balanced_protein high_fiber_satiety digestive_support low_sugar steady_glucose burrito iron sustained energy high fiber vegan herbal enhanced digestive support white quinoa spiced simmered black beans roasted corn guacamole salsa verde,4.12
Herbal-Spiced Roasted Sweet Potato & Black Bean Bowl,Bowl,Mexican,Lunch,Stressed,399,14.0,64.6,8.1,14.0,9.0,1,1,"Garnet sweet potatoes, black beans, sweet corn, cilantro, lime vinaigrette","Magnesium, Complex-Carbs, Vegan, Gluten-Free, Herbal-Enhanced, Digestive-Support",mood_stressed mood_stressed mood_stressed stressed stressed cuisine_mexican category_bowl meal_lunch diet_vegetarian plant_based balanced_protein high_fiber_satiety digestive_support magnesium complex carbs vegan gluten free herbal enhanced digestive support garnet sweet potatoes black beans sweet corn cilantro lime vinaigrette,3.51
Herbal-Spiced Grilled Lemon Herb Chicken & Quinoa Power Bowl,Bowl,American,Lunch,Energetic,456,46.0,43.7,10.8,7.0,3.0,0,0,"Grilled chicken breast, Andean tricolor quinoa, massaged kale, avocado, lemon tahini","Protein Bowl, Pre-Workout, High-Protein, Lean-Muscle, Herbal-Enhanced, Digestive-Support",mood_energetic mood_energetic mood_energetic energetic energetic cuisine_american category_bowl meal_lunch diet_non_veg animal_protein high_protein_rich muscle_fuel hearty_substantial high_energy high_fiber_satiety digestive_support low_sugar steady_glucose protein bowl pre workout high protein lean muscle herbal enhanced digestive support grilled chicken breast andean tricolor quinoa massaged kale avocado lemon tahini,10.09
Herbal-Spiced South Indian Tempered Curd Rice with Pomegranate,Bowl,Indian,Lunch,Low Mood,294,9.0,49.4,6.3,3.0,6.0,1,0,"Cooked basmati rice, probiotic whole curd yogurt, mustard seeds, curry leaves, pomegranate","Curd, Probiotic, Gut-Brain, Ayurvedic, Vegetarian, Herbal-Enhanced, Digestive-Support",mood_low_mood mood_low_mood mood_low_mood low_mood low_mood cuisine_indian category_bowl meal_lunch diet_vegetarian plant_based curd probiotic gut brain ayurvedic vegetarian herbal enhanced digestive support cooked basmati rice probiotic whole curd yogurt mustard seeds curry leaves pomegranate,3.06
Herbal-Spiced Chamomile Steamed Tofu & Brown Jasmine Rice,Bowl,Asian,Dinner,Stressed,370,21.0,46.5,8.1,6.0,2.0,1,0,"Firm tofu cubes, brown jasmine rice, chamomile herbal broth, baby bok choy, sesame oil","Chamomile, Calming, Magnesium, Plant-Protein, Vegan, Herbal-Enhanced, Digestive-Support",mood_stressed mood_stressed mood_stressed stressed stressed cuisine_asian category_bowl meal_dinner diet_vegetarian plant_based high_protein_rich muscle_fuel low_sugar steady_glucose chamomile calming magnesium plant protein vegan herbal enhanced digestive support firm tofu cubes brown jasmine rice chamomile herbal broth baby bok choy sesame oil,5.68
Herbal-Spiced Fragrant Jasmine Rice with Steamed Sesame Greens,Bowl,Asian,Dinner,Relaxed,323,8.0,58.9,5.4,5.0,3.0,1,0,"Thai jasmine rice, baby bok choy, sugar snap peas, cold-pressed sesame oil","Jasmine Rice, Gentle, Easy-Digestion, Tryptophan, Vegan, Herbal-Enhanced, Digestive-Support",mood_relaxed mood_relaxed mood_relaxed relaxed relaxed cuisine_asian category_bowl meal_dinner diet_vegetarian plant_based low_sugar steady_glucose jasmine rice gentle easy digestion tryptophan vegan herbal enhanced digestive support thai jasmine rice baby bok choy sugar snap peas cold pressed sesame oil,2.48
Herbal-Spiced Buckwheat Soba & Edamame Protein Bowl,Bowl,Asian,Lunch,Energetic,399,20.0,58.9,9.0,8.0,5.0,1,0,"100% buckwheat soba noodles, steamed edamame, purple cabbage, sesame ginger vinaigrette","Protein Bowl, Pre-Workout, Clean-Carbs, Vegan, Herbal-Enhanced, Digestive-Support",mood_energetic mood_energetic mood_energetic energetic energetic cuisine_asian category_bowl meal_lunch diet_vegetarian plant_based high_protein_rich muscle_fuel high_fiber_satiety digestive_support protein bowl pre workout clean carbs vegan herbal enhanced digestive support 100 buckwheat soba noodles steamed edamame purple cabbage sesame ginger vinaigrette,5.01
Herbal-Spiced Spinach & Moong Dal Khichdi with Ghee,Curry,Indian,Dinner,Stressed,342,15.0,51.3,7.2,8.0,2.0,1,0,"Yellow moong lentils, basmati rice, fresh spinach, turmeric, cumin seeds, pure cow ghee","Spinach, Lentil, Magnesium, Ayurvedic-Comfort, Soothing, Herbal-Enhanced, Digestive-Support",mood_stressed mood_stressed mood_stressed stressed stressed cuisine_indian category_curry meal_dinner diet_vegetarian plant_based balanced_protein high_fiber_satiety digestive_support low_sugar steady_glucose spinach lentil magnesium ayurvedic comfort soothing herbal enhanced digestive support yellow moong lentils basmati rice fresh spinach turmeric cumin seeds pure cow ghee,4.39
Herbal-Spiced Homestyle Yellow Toor Dal with Cumin Rice,Curry,Indian,Dinner,Relaxed,361,14.0,57.0,6.3,9.0,3.0,1,0,"Yellow toor dal lentils, steamed basmati rice, toasted cumin, mild turmeric, ripe tomato","Lentil, Traditional-Comfort, Tryptophan, Gentle, Vegan, Herbal-Enhanced, Digestive-Support",mood_relaxed mood_relaxed mood_relaxed relaxed relaxed cuisine_indian category_curry meal_dinner diet_vegetarian plant_based balanced_protein high_fiber_satiety digestive_support low_sugar steady_glucose lentil traditional comfort tryptophan gentle vegan herbal enhanced digestive support yellow toor dal lentils steamed basmati rice toasted cumin mild turmeric ripe tomato,3.88
Herbal-Spiced Iron-Rich Palak Paneer with Whole Wheat Roti,Curry,Indian,Dinner,Tired,399,20.0,36.1,19.8,7.0,4.0,1,1,"Fresh spinach puree, paneer cheese, whole wheat flour roti, garlic, garam masala","Iron, B-Vitamin, High-Protein, Vegetarian, Herbal-Enhanced, Digestive-Support",mood_tired mood_tired mood_tired tired tired cuisine_indian category_curry meal_dinner diet_vegetarian plant_based high_protein_rich muscle_fuel high_fiber_satiety digestive_support low_sugar steady_glucose iron vitamin high protein vegetarian herbal enhanced digestive support fresh spinach puree paneer cheese whole wheat flour roti garlic garam masala,5.01
Herbal-Spiced Wild Atlantic Salmon with Steamed Asparagus,Main,Continental,Dinner,Stressed,456,38.0,11.4,23.4,5.0,2.0,0,0,"Wild salmon fillet, green asparagus spears, virgin olive oil, lemon zest, sea salt","Salmon, Omega-3, Magnesium, High-Protein, Gluten-Free, Herbal-Enhanced, Digestive-Support",mood_stressed mood_stressed mood_stressed stressed stressed cuisine_continental category_main meal_dinner diet_non_veg animal_protein high_protein_rich muscle_fuel hearty_substantial high_energy low_sugar steady_glucose salmon omega magnesium high protein gluten free herbal enhanced digestive support wild salmon fillet green asparagus spears virgin olive oil lemon zest sea salt,8.33
Herbal-Spiced Herbal Baked Atlantic Cod with Zucchini,Main,Mediterranean,Dinner,Relaxed,342,36.0,13.3,14.4,4.0,4.0,0,0,"Cod fillet, tender zucchini ribbons, fresh dill, virgin olive oil, garlic","Cod, Tryptophan, Gentle, Light-Dinner, High-Protein, Herbal-Enhanced, Digestive-Support",mood_relaxed mood_relaxed mood_relaxed relaxed relaxed cuisine_mediterranean category_main meal_dinner diet_non_veg animal_protein high_protein_rich muscle_fuel low_sugar steady_glucose cod tryptophan gentle light dinner high protein herbal enhanced digestive support cod fillet tender zucchini ribbons fresh dill virgin olive oil garlic,10.53
Herbal-Spiced Grilled Lemon Herb Chicken with Brown Rice,Main,American,Dinner,Energetic,466,46.0,45.6,9.0,7.0,3.0,0,0,"Skinless chicken breast, steamed brown basmati rice, steamed fresh broccoli, olive oil","High-Protein, Pre-Workout, Clean-Fuel, Gluten-Free, Herbal-Enhanced, Digestive-Support",mood_energetic mood_energetic mood_energetic energetic energetic cuisine_american category_main meal_dinner diet_non_veg animal_protein high_protein_rich muscle_fuel hearty_substantial high_energy high_fiber_satiety digestive_support low_sugar steady_glucose high protein pre workout clean fuel gluten free herbal enhanced digestive support skinless chicken breast steamed brown basmati rice steamed fresh broccoli olive oil,9.87
Herbal-Spiced Grilled Pacific Shrimp with Lemon Herb Quinoa,Main,Mediterranean,Dinner,Energetic,370,34.0,36.1,9.0,5.0,2.0,0,0,"Wild white shrimp, tri-color quinoa, Italian flat-leaf parsley, lemon zest, olive oil","Pre-Workout, High-Protein, Lean, Gluten-Free, Herbal-Enhanced, Digestive-Support",mood_energetic mood_energetic mood_energetic energetic energetic cuisine_mediterranean category_main meal_dinner diet_non_veg animal_protein high_protein_rich muscle_fuel low_sugar steady_glucose pre workout high protein lean gluten free herbal enhanced digestive support wild white shrimp tri color quinoa italian flat leaf parsley lemon zest olive oil,9.19
Herbal-Spiced Artisanal Margherita Sourdough Flatbread,Main,Italian,Lunch,Happy,437,18.0,53.2,16.2,4.0,5.0,1,0,"San Marzano plum tomatoes, fresh buffalo mozzarella, sweet basil, sourdough olive crust","Flatbread, Pizza, Social, Sensory-Joy, Vegetarian, Herbal-Enhanced, Digestive-Support",mood_happy mood_happy mood_happy happy happy cuisine_italian category_main meal_lunch diet_vegetarian plant_based balanced_protein flatbread pizza social sensory joy vegetarian herbal enhanced digestive support san marzano plum tomatoes fresh buffalo mozzarella sweet basil sourdough olive crust,4.12
Herbal-Spiced Mediterranean Mezze Platter with Baked Falafel,Main,Mediterranean,Lunch,Happy,466,16.0,55.1,19.8,12.0,6.0,1,0,"Baked chickpea falafel, velvety hummus, kalamata olives, diced cucumbers, warm pita","Mezze, Social, High-Fiber, Vegan, Herbal-Enhanced, Digestive-Support",mood_happy mood_happy mood_happy happy happy cuisine_mediterranean category_main meal_lunch diet_vegetarian plant_based balanced_protein hearty_substantial high_energy high_fiber_satiety digestive_support mezze social high fiber vegan herbal enhanced digestive support baked chickpea falafel velvety hummus kalamata olives diced cucumbers warm pita,3.43
Herbal-Spiced Vegetable Dum Biryani with Cool Mint Raita,Main,Indian,Lunch,Happy,456,13.0,68.4,12.6,7.0,5.0,1,1,"Aged basmati rice, green beans, carrots, saffron threads, fresh mint, cucumber raita","Biryani, Celebration, Social, Aromatic, Vegetarian, Herbal-Enhanced, Digestive-Support",mood_happy mood_happy mood_happy happy happy cuisine_indian category_main meal_lunch diet_vegetarian plant_based balanced_protein hearty_substantial high_energy high_fiber_satiety digestive_support biryani celebration social aromatic vegetarian herbal enhanced digestive support aged basmati rice green beans carrots saffron threads fresh mint cucumber raita,2.85
Herbal-Spiced Baja Grilled White Fish Tacos with Purple Slaw,Main,Mexican,Lunch,Happy,418,28.0,39.9,14.4,6.0,4.0,0,1,"Grilled cod, stoneground corn tortillas, shaved purple cabbage, avocado crema, lime","Taco, Social, Lean-Protein, Gluten-Free, Herbal-Enhanced, Digestive-Support",mood_happy mood_happy mood_happy happy happy cuisine_mexican category_main meal_lunch diet_non_veg animal_protein high_protein_rich muscle_fuel low_sugar steady_glucose taco social lean protein gluten free herbal enhanced digestive support grilled cod stoneground corn tortillas shaved purple cabbage avocado crema lime,6.7
Herbal-Spiced Tandoori Paneer Tikka with Mint Chutney,Main,Indian,Dinner,Happy,390,24.0,13.3,25.2,3.0,4.0,1,1,"Marinated paneer cheese blocks, Kashmiri chili, chickpea flour, lemon, green mint dip","Social, High-Protein, Vegetarian, Gluten-Free, Herbal-Enhanced, Digestive-Support",mood_happy mood_happy mood_happy happy happy cuisine_indian category_main meal_dinner diet_vegetarian plant_based high_protein_rich muscle_fuel low_sugar steady_glucose social high protein vegetarian gluten free herbal enhanced digestive support marinated paneer cheese blocks kashmiri chili chickpea flour lemon green mint dip,6.15
Herbal-Spiced Oatmeal with Blueberries & Pumpkin Seeds,Breakfast,American,Breakfast,Stressed,304,11.0,45.6,8.1,8.0,10.0,1,0,"Rolled whole oats, wild blueberries, raw pumpkin seeds, almond milk, Ceylon cinnamon","Oatmeal, Pumpkin Seed, Magnesium, Antioxidant, Vegan, Herbal-Enhanced, Digestive-Support",mood_stressed mood_stressed mood_stressed stressed stressed cuisine_american category_breakfast meal_breakfast diet_vegetarian plant_based high_fiber_satiety digestive_support oatmeal pumpkin seed magnesium antioxidant vegan herbal enhanced digestive support rolled whole oats wild blueberries raw pumpkin seeds almond milk ceylon cinnamon,3.62
Herbal-Spiced Banana Almond Butter High-Protein Oatmeal,Breakfast,American,Breakfast,Energetic,390,22.0,53.2,11.7,8.0,16.0,1,0,"Rolled oats, plant protein isolate, ripe banana, natural almond butter, cinnamon","Banana, Peanut Butter, Pre-Workout, Protein Bowl, Vegan, Herbal-Enhanced, Digestive-Support",mood_energetic mood_energetic mood_energetic energetic energetic cuisine_american category_breakfast meal_breakfast diet_vegetarian plant_based high_protein_rich muscle_fuel high_fiber_satiety digestive_support banana peanut butter pre workout protein bowl vegan herbal enhanced digestive support rolled oats plant protein isolate ripe banana natural almond butter cinnamon,5.64
Herbal-Spiced Egg & Avocado Sprouted Whole-Grain Wrap,Breakfast,American,Breakfast,Tired,370,20.0,34.2,16.2,7.0,3.0,1,0,"Scrambled pasture eggs, sprouted tortilla, fresh avocado slices, baby spinach","Avocado Wrap, Egg, B-Vitamin, Clean-Protein, Vegetarian, Herbal-Enhanced, Digestive-Support",mood_tired mood_tired mood_tired tired tired cuisine_american category_breakfast meal_breakfast diet_vegetarian plant_based high_protein_rich muscle_fuel high_fiber_satiety digestive_support low_sugar steady_glucose avocado wrap egg vitamin clean protein vegetarian herbal enhanced digestive support scrambled pasture eggs sprouted tortilla fresh avocado slices baby spinach,5.41
Herbal-Spiced Avocado Sourdough Toast with Raw Hemp Hearts,Breakfast,Continental,Breakfast,Stressed,314,9.0,32.3,16.2,9.0,2.0,1,0,"Artisan sourdough bread, mashed Hass avocado, raw hemp seeds, lemon juice, sea salt","Magnesium, Healthy-Fats, High-Fiber, Vegan, Herbal-Enhanced, Digestive-Support",mood_stressed mood_stressed mood_stressed stressed stressed cuisine_continental category_breakfast meal_breakfast diet_vegetarian plant_based high_fiber_satiety digestive_support low_sugar steady_glucose magnesium healthy fats high fiber vegan herbal enhanced digestive support artisan sourdough bread mashed hass avocado raw hemp seeds lemon juice sea salt,2.87
Herbal-Spiced Greek Yogurt Parfait with Granola & Chia Seeds,Breakfast,Mediterranean,Breakfast,Energetic,323,24.0,39.9,8.1,5.0,14.0,1,0,"Nonfat strained Greek yogurt, artisan oat granola, black chia seeds, fresh blackberries","Pre-Workout, High-Protein, Vegetarian, Calcium-Rich, Herbal-Enhanced, Digestive-Support",mood_energetic mood_energetic mood_energetic energetic energetic cuisine_mediterranean category_breakfast meal_breakfast diet_vegetarian plant_based high_protein_rich muscle_fuel pre workout high protein vegetarian calcium rich herbal enhanced digestive support nonfat strained greek yogurt artisan oat granola black chia seeds fresh blackberries,7.43
Herbal-Spiced Rainbow Acai Superfruit Breakfast Bowl,Breakfast,American,Breakfast,Happy,342,8.0,58.9,9.0,9.0,26.0,1,0,"Acai berry puree, ripe banana, golden kiwi slices, wild blueberries, black chia seeds","Acai, Antioxidant, Colorful, Vegan, Flavonoid, Herbal-Enhanced, Digestive-Support",mood_happy mood_happy mood_happy happy happy cuisine_american category_breakfast meal_breakfast diet_vegetarian plant_based high_fiber_satiety digestive_support acai antioxidant colorful vegan flavonoid herbal enhanced digestive support acai berry puree ripe banana golden kiwi slices wild blueberries black chia seeds,2.34
Herbal-Spiced Hard Boiled Pasture Eggs with Everything Spice,Breakfast,American,Breakfast,Tired,142,13.0,1.9,9.0,1.0,1.0,1,0,"Two large pasture-raised eggs, poppy seeds, toasted sesame, garlic flakes, sea salt","Egg, Iron, High-Protein, Zero-Sugar, Vegetarian, Herbal-Enhanced, Digestive-Support",mood_tired mood_tired mood_tired tired tired cuisine_american category_breakfast meal_breakfast diet_vegetarian plant_based balanced_protein light_meal low_calorie light_energy low_sugar steady_glucose egg iron high protein zero sugar vegetarian herbal enhanced digestive support two large pasture raised eggs poppy seeds toasted sesame garlic flakes sea salt,9.15
Herbal-Spiced Warm Steel-Cut Oats with Stewed Gala Apples,Breakfast,American,Breakfast,Stressed,323,9.0,51.3,9.9,7.0,14.0,1,0,"Steel-cut oats, cinnamon-stewed Gala apples, crushed raw walnuts, pure maple touch","Oatmeal, Walnut, Comforting, Serotonin-Support, Vegan, Herbal-Enhanced, Digestive-Support",mood_stressed mood_stressed mood_stressed stressed stressed cuisine_american category_breakfast meal_breakfast diet_vegetarian plant_based high_fiber_satiety digestive_support oatmeal walnut comforting serotonin support vegan herbal enhanced digestive support steel cut oats cinnamon stewed gala apples crushed raw walnuts pure maple touch,2.79
Herbal-Spiced Whipped Ricotta Toast on Sourdough with Honey,Breakfast,Italian,Breakfast,Relaxed,276,12.0,36.1,9.0,3.0,12.0,1,0,"Country sourdough bread, whipped whole milk ricotta cheese, clover honey, sea salt","Tryptophan, Comforting, Vegetarian, Herbal-Enhanced, Digestive-Support",mood_relaxed mood_relaxed mood_relaxed relaxed relaxed cuisine_italian category_breakfast meal_breakfast diet_vegetarian plant_based balanced_protein light_meal low_calorie light_energy tryptophan comforting vegetarian herbal enhanced digestive support country sourdough bread whipped whole milk ricotta cheese clover honey sea salt,4.35
Herbal-Spiced Sprouted Moong Lentil Salad with Pomegranate,Salad,Indian,Lunch,Tired,256,14.0,39.9,3.6,10.0,12.0,1,0,"Sprouted green moong beans, ruby pomegranate arils, shredded carrots, lime juice","Sprout, Iron, Raw-Enzymes, Vegan, Gluten-Free, Herbal-Enhanced, Digestive-Support",mood_tired mood_tired mood_tired tired tired cuisine_indian category_salad meal_lunch diet_vegetarian plant_based balanced_protein light_meal low_calorie light_energy high_fiber_satiety digestive_support sprout iron raw enzymes vegan gluten free herbal enhanced digestive support sprouted green moong beans ruby pomegranate arils shredded carrots lime juice,5.47
"Herbal-Spiced Roasted Beetroot, Walnut & Goat Cheese Salad",Salad,Mediterranean,Lunch,Stressed,323,11.0,26.6,18.0,6.0,16.0,1,0,"Roasted red beets, baby arugula, toasted walnuts, creamy goat cheese, aged balsamic","Beetroot, Nitrate, Walnut, Magnesium, Vegetarian, Herbal-Enhanced, Digestive-Support",mood_stressed mood_stressed mood_stressed stressed stressed cuisine_mediterranean category_salad meal_lunch diet_vegetarian plant_based beetroot nitrate walnut magnesium vegetarian herbal enhanced digestive support roasted red beets baby arugula toasted walnuts creamy goat cheese aged balsamic,3.41
Herbal-Spiced Crispy Spiced Chickpea & Tuscan Kale Salad,Salad,Mediterranean,Lunch,Energetic,342,16.0,41.8,12.6,11.0,4.0,1,1,"Paprika roasted chickpeas, chopped lacinato kale, tahini lemon dressing, sunflower seeds","Iron, Pre-Workout, Protein Bowl, Vegan, Herbal-Enhanced, Digestive-Support",mood_energetic mood_energetic mood_energetic energetic energetic cuisine_mediterranean category_salad meal_lunch diet_vegetarian plant_based balanced_protein high_fiber_satiety digestive_support low_sugar steady_glucose iron pre workout protein bowl vegan herbal enhanced digestive support paprika roasted chickpeas chopped lacinato kale tahini lemon dressing sunflower seeds,4.68
Herbal-Spiced Italian Caprese Salad with Buffalo Mozzarella,Salad,Italian,Lunch,Happy,294,16.0,7.6,21.6,2.0,5.0,1,0,"Vine heirloom tomatoes, fresh water buffalo mozzarella, sweet basil, balsamic glaze","Social, Fresh-Simplicity, High-Calcium, Vegetarian, Herbal-Enhanced, Digestive-Support",mood_happy mood_happy mood_happy happy happy cuisine_italian category_salad meal_lunch diet_vegetarian plant_based balanced_protein social fresh simplicity high calcium vegetarian herbal enhanced digestive support vine heirloom tomatoes fresh water buffalo mozzarella sweet basil balsamic glaze,5.44
Herbal-Spiced Golden Turmeric Spiced Warm Almond Milk,Beverage,Indian,Snack,Stressed,152,6.0,15.2,6.3,1.0,12.0,1,0,"Almond milk, ground turmeric root, black pepper, cinnamon, raw honey, cardamom","Anti-Stress, Calming, Anti-Inflammatory, Vegetarian, Herbal-Enhanced, Digestive-Support",mood_stressed mood_stressed mood_stressed stressed stressed cuisine_indian category_beverage meal_snack diet_vegetarian plant_based light_meal low_calorie light_energy anti stress calming anti inflammatory vegetarian herbal enhanced digestive support almond milk ground turmeric root black pepper cinnamon raw honey cardamom,3.95
Herbal-Spiced Organic Chamomile Peppermint Herbal Infusion,Beverage,Continental,Snack,Stressed,10,0.0,1.9,0.0,0.0,0.0,1,0,"Whole dried chamomile flower heads, crushed spearmint and peppermint leaves, pure water","Chamomile, Peppermint, Soothing, Caffeine-Free, Vegan, Herbal-Enhanced, Digestive-Support",mood_stressed mood_stressed mood_stressed stressed stressed cuisine_continental category_beverage meal_snack diet_vegetarian plant_based light_meal low_calorie light_energy low_sugar steady_glucose chamomile peppermint soothing caffeine free vegan herbal enhanced digestive support whole dried chamomile flower heads crushed spearmint peppermint leaves pure water,0.0
Herbal-Spiced Ceremonial Matcha Oat Milk Green Tea Latte,Beverage,Asian,Snack,Tired,171,4.0,24.7,5.4,3.0,12.0,1,0,"Ceremonial Japanese matcha, barista oat milk, organic blue agave, vanilla extract","Matcha, Iron, Sustained-Focus, Vegan, Herbal-Enhanced, Digestive-Support",mood_tired mood_tired mood_tired tired tired cuisine_asian category_beverage meal_snack diet_vegetarian plant_based light_meal low_calorie light_energy matcha iron sustained focus vegan herbal enhanced digestive support ceremonial japanese matcha barista oat milk organic blue agave vanilla extract,2.34
"Herbal-Spiced Raw Beetroot, Ginger & Orange Performance Juice",Beverage,Continental,Snack,Energetic,180,4.0,39.9,0.9,5.0,28.0,1,0,"Cold-pressed red beet juice, Valencia orange juice, tender coconut water, fresh ginger","Beetroot, Nitrate, Electrolyte, Pre-Workout, Vegan, Herbal-Enhanced, Digestive-Support",mood_energetic mood_energetic mood_energetic energetic energetic cuisine_continental category_beverage meal_snack diet_vegetarian plant_based light_meal low_calorie light_energy beetroot nitrate electrolyte pre workout vegan herbal enhanced digestive support cold pressed red beet juice valencia orange juice tender coconut water fresh ginger,2.22
Herbal-Spiced Natural Tender Coconut Water with Fresh Lime,Beverage,Asian,Snack,Energetic,57,1.0,13.3,0.0,1.0,11.0,1,0,"Raw tender green coconut water, Persian lime juice, Himalayan pink salt pinch","Coconut Water, Electrolyte, Hydrating, Potassium, Vegan, Herbal-Enhanced, Digestive-Support",mood_energetic mood_energetic mood_energetic energetic energetic cuisine_asian category_beverage meal_snack diet_vegetarian plant_based light_meal low_calorie light_energy coconut water electrolyte hydrating potassium vegan herbal enhanced digestive support raw tender green coconut water persian lime juice himalayan pink salt pinch,1.75
Herbal-Spiced Sparkling Wild Raspberry Garden Mint Spritzer,Beverage,Continental,Snack,Happy,66,1.0,17.1,0.0,3.0,13.0,1,0,"Sparkling mineral water, muddled red raspberries, fresh garden mint, lime splash","Berry, Social, Refreshing, Flavonoid, Vegan, Herbal-Enhanced, Digestive-Support",mood_happy mood_happy mood_happy happy happy cuisine_continental category_beverage meal_snack diet_vegetarian plant_based light_meal low_calorie light_energy berry social refreshing flavonoid vegan herbal enhanced digestive support sparkling mineral water muddled red raspberries fresh garden mint lime splash,1.52
Herbal-Spiced Caffeine-Free Rooibos Chai with Steamed Oat Milk,Beverage,Indian,Snack,Relaxed,133,3.0,20.9,3.6,1.0,14.0,1,0,"Red rooibos tea, oat milk, crushed green cardamom pods, cinnamon, clove, honey","Soothing-Aromas, Calming, Tryptophan, Vegetarian, Herbal-Enhanced, Digestive-Support",mood_relaxed mood_relaxed mood_relaxed relaxed relaxed cuisine_indian category_beverage meal_snack diet_vegetarian plant_based light_meal low_calorie light_energy soothing aromas calming tryptophan vegetarian herbal enhanced digestive support red rooibos tea oat milk crushed green cardamom pods cinnamon clove honey,2.26
Herbal-Spiced Fresh Organic Strawberries in 72% Dark Chocolate,Dessert,Continental,Snack,Happy,180,3.0,24.7,9.0,4.0,18.0,1,0,"Organic ripe strawberries, 72% dark bittersweet chocolate, flaky sea salt","Dark Chocolate, Strawberry, Flavonoid, Endorphin-Boost, Vegan, Herbal-Enhanced, Digestive-Support",mood_happy mood_happy mood_happy happy happy cuisine_continental category_dessert meal_snack diet_vegetarian plant_based light_meal low_calorie light_energy dark chocolate strawberry flavonoid endorphin boost vegan herbal enhanced digestive support organic ripe strawberries 72 dark bittersweet chocolate flaky sea salt,1.67
Herbal-Spiced Dark Chocolate & Walnut Magnesium Energy Bites,Snack,American,Snack,Stressed,200,5.0,20.9,10.8,4.0,12.0,1,0,"72% dark chocolate chips, raw English walnuts, medjool dates, rolled oats","Dark Chocolate, Walnut, Magnesium, Anti-Stress, Vegan, Herbal-Enhanced, Digestive-Support",mood_stressed mood_stressed mood_stressed stressed stressed cuisine_american category_snack meal_snack diet_vegetarian plant_based light_meal low_calorie light_energy dark chocolate walnut magnesium anti stress vegan herbal enhanced digestive support 72 dark chocolate chips raw english walnuts medjool dates rolled oats,2.5
Herbal-Spiced Fresh Guacamole with Stoneground Tortilla Chips,Snack,Mexican,Snack,Happy,304,4.0,34.2,16.2,7.0,2.0,1,1,"Hass avocados, lime juice, jalapeño, sea salt, organic corn tortilla chips","Social, Shareable, Heart-Healthy-Fats, Vegan, Herbal-Enhanced, Digestive-Support",mood_happy mood_happy mood_happy happy happy cuisine_mexican category_snack meal_snack diet_vegetarian plant_based high_fiber_satiety digestive_support low_sugar steady_glucose social shareable heart healthy fats vegan herbal enhanced digestive support hass avocados lime juice jalapeo sea salt organic corn tortilla chips,1.32
Herbal-Spiced Hummus with Whole-Wheat Pita & Toasted Pepitas,Snack,Mediterranean,Snack,Tired,294,12.0,36.1,12.6,8.0,3.0,1,0,"Chickpea hummus, sesame tahini, whole-wheat pita bread, toasted pepitas, paprika","Pumpkin Seed, Iron, B-Vitamin, Vegan, Herbal-Enhanced, Digestive-Support",mood_tired mood_tired mood_tired tired tired cuisine_mediterranean category_snack meal_snack diet_vegetarian plant_based balanced_protein high_fiber_satiety digestive_support low_sugar steady_glucose pumpkin seed iron vitamin vegan herbal enhanced digestive support chickpea hummus sesame tahini whole wheat pita bread toasted pepitas paprika,4.08
Herbal-Spiced Spiced Dry-Roasted Almonds with Smoked Paprika,Snack,Continental,Snack,Energetic,200,7.0,6.6,16.2,4.0,1.0,1,1,"Dry-roasted whole California almonds, smoked Spanish paprika, sea salt","Pre-Workout, Quick-Fuel, Keto-Friendly, Vegan, Herbal-Enhanced, Digestive-Support",mood_energetic mood_energetic mood_energetic energetic energetic cuisine_continental category_snack meal_snack diet_vegetarian plant_based light_meal low_calorie light_energy low_sugar steady_glucose pre workout quick fuel keto friendly vegan herbal enhanced digestive support dry roasted whole california almonds smoked spanish paprika sea salt,3.5
Herbal-Spiced Warm Roasted Sweet Potato Mash with Cinnamon,Side,American,Dinner,Low Mood,228,4.0,49.4,2.7,7.0,14.0,1,0,"Roasted sweet potatoes, Ceylon cinnamon, warm unsweetened almond milk, sea salt","Sweet Potato Mash, Restorative, Comforting, Serotonin-Support, Vegan, Herbal-Enhanced, Digestive-Support",mood_low_mood mood_low_mood mood_low_mood low_mood low_mood cuisine_american category_side meal_dinner diet_vegetarian plant_based light_meal low_calorie light_energy high_fiber_satiety digestive_support sweet potato mash restorative comforting serotonin support vegan herbal enhanced digestive support roasted sweet potatoes ceylon cinnamon warm unsweetened almond milk sea salt,1.75
Organic Artisan Warm Lentil & Baby Spinach Soup,Soup,Mediterranean,Dinner,Stressed,357,18.9,48.3,7.0,11.0,4.0,1,0,"Brown lentils, baby spinach, minced garlic, extra virgin olive oil, lemon, cumin","High-Fiber, Magnesium, Vegan, Anti-Stress, Clean-Ingredient, Artisan-Style",mood_stressed mood_stressed mood_stressed stressed stressed cuisine_mediterranean category_soup meal_dinner diet_vegetarian plant_based balanced_protein high_fiber_satiety digestive_support low_sugar steady_glucose high fiber magnesium vegan anti stress clean ingredient artisan style brown lentils baby spinach minced garlic extra virgin olive oil lemon cumin,5.29
Organic Artisan Ginger Simmered Chicken Broth with Rice,Soup,Asian,Dinner,Low Mood,357,27.3,39.9,8.0,3.0,2.0,0,0,"Poached chicken breast, white jasmine rice, sliced young ginger, scallions","Restorative, Broth, Gut-Friendly, Gluten-Free, Clean-Ingredient, Artisan-Style",mood_low_mood mood_low_mood mood_low_mood low_mood low_mood cuisine_asian category_soup meal_dinner diet_non_veg animal_protein high_protein_rich muscle_fuel low_sugar steady_glucose restorative broth gut friendly gluten free clean ingredient artisan style poached chicken breast white jasmine rice sliced young ginger scallions,7.65
Organic Artisan Creamy Roasted Pumpkin Soup with Pepitas,Soup,Continental,Dinner,Relaxed,294,6.3,39.9,11.0,6.0,8.0,1,0,"Roasted sugar pumpkin, light coconut milk, pumpkin seed pepitas, nutmeg","Tryptophan, Soothing, Vegan, Gluten-Free, Clean-Ingredient, Artisan-Style",mood_relaxed mood_relaxed mood_relaxed relaxed relaxed cuisine_continental category_soup meal_dinner diet_vegetarian plant_based tryptophan soothing vegan gluten free clean ingredient artisan style roasted sugar pumpkin light coconut milk pumpkin seed pepitas nutmeg,2.14
Organic Artisan Homestyle Garden Vegetable Noodle Soup,Soup,American,Lunch,Low Mood,273,8.4,46.2,5.0,5.0,4.0,1,0,"Whole-wheat ribbon noodles, diced carrots, celery, fragrant herb vegetable broth","Noodle Soup, Restorative, Warm-Comfort, Vegetarian, Clean-Ingredient, Artisan-Style",mood_low_mood mood_low_mood mood_low_mood low_mood low_mood cuisine_american category_soup meal_lunch diet_vegetarian plant_based light_meal low_calorie light_energy low_sugar steady_glucose noodle soup restorative warm comfort vegetarian clean ingredient artisan style whole wheat ribbon noodles diced carrots celery fragrant herb vegetable broth,3.08
Organic Artisan Fermented Miso Soup with Silken Tofu & Wakame,Soup,Asian,Lunch,Low Mood,147,9.5,12.6,4.0,3.0,2.0,1,0,"Naturally fermented white miso, silken tofu cubes, wakame seaweed, spring green onions","Probiotic, Gut-Health, Low-Calorie, Vegan, Clean-Ingredient, Artisan-Style",mood_low_mood mood_low_mood mood_low_mood low_mood low_mood cuisine_asian category_soup meal_lunch diet_vegetarian plant_based light_meal low_calorie light_energy low_sugar steady_glucose probiotic gut health low calorie vegan clean ingredient artisan style naturally fermented white miso silken tofu cubes wakame seaweed spring green onions,6.46
Organic Artisan Tuscan White Bean & Tomato Minestrone,Soup,Italian,Dinner,Low Mood,326,14.7,52.5,6.0,10.0,5.0,1,0,"Cannellini beans, stewed plum tomatoes, zucchini, whole grain ditalini pasta, basil","Cannellini, High-Fiber, Soothing, Mediterranean-Diet, Vegan, Clean-Ingredient, Artisan-Style",mood_low_mood mood_low_mood mood_low_mood low_mood low_mood cuisine_italian category_soup meal_dinner diet_vegetarian plant_based balanced_protein high_fiber_satiety digestive_support cannellini high fiber soothing mediterranean diet vegan clean ingredient artisan style cannellini beans stewed plum tomatoes zucchini whole grain ditalini pasta basil,4.51
Organic Artisan Spiced Black Bean Soup with Crispy Tortillas,Soup,Mexican,Lunch,Tired,346,17.9,54.6,6.0,14.0,3.0,1,1,"Simmered black beans, cumin, Mexican oregano, baked corn tortilla crisps, cilantro","Black Bean, Iron, High-Fiber, Vegan, Gluten-Free, Clean-Ingredient, Artisan-Style",mood_tired mood_tired mood_tired tired tired cuisine_mexican category_soup meal_lunch diet_vegetarian plant_based balanced_protein high_fiber_satiety digestive_support low_sugar steady_glucose black bean iron high fiber vegan gluten free clean ingredient artisan style simmered black beans cumin mexican oregano baked corn tortilla crisps cilantro,5.17
Organic Artisan Silken Tofu & Enoki Mushroom Dashi,Soup,Asian,Dinner,Relaxed,178,14.7,12.6,5.0,3.0,2.0,1,0,"Silken tofu, enoki mushrooms, kombu vegetable dashi broth, scallions","Gentle, Calming, Tryptophan, Ultra-Light, Vegan, Clean-Ingredient, Artisan-Style",mood_relaxed mood_relaxed mood_relaxed relaxed relaxed cuisine_asian category_soup meal_dinner diet_vegetarian plant_based balanced_protein light_meal low_calorie light_energy low_sugar steady_glucose gentle calming tryptophan ultra light vegan clean ingredient artisan style silken tofu enoki mushrooms kombu vegetable dashi broth scallions,8.26
Organic Artisan Quinoa & Black Bean Burrito Power Bowl,Bowl,Mexican,Lunch,Tired,483,18.9,73.5,11.0,15.0,4.0,1,1,"White quinoa, spiced simmered black beans, roasted corn, guacamole, salsa verde","Burrito, Iron, Sustained-Energy, High-Fiber, Vegan, Clean-Ingredient, Artisan-Style",mood_tired mood_tired mood_tired tired tired cuisine_mexican category_bowl meal_lunch diet_vegetarian plant_based balanced_protein hearty_substantial high_energy high_fiber_satiety digestive_support low_sugar steady_glucose burrito iron sustained energy high fiber vegan clean ingredient artisan style white quinoa spiced simmered black beans roasted corn guacamole salsa verde,3.91
Organic Artisan Roasted Sweet Potato & Black Bean Bowl,Bowl,Mexican,Lunch,Stressed,441,14.7,71.4,9.0,14.0,9.0,1,1,"Garnet sweet potatoes, black beans, sweet corn, cilantro, lime vinaigrette","Magnesium, Complex-Carbs, Vegan, Gluten-Free, Clean-Ingredient, Artisan-Style",mood_stressed mood_stressed mood_stressed stressed stressed cuisine_mexican category_bowl meal_lunch diet_vegetarian plant_based balanced_protein high_fiber_satiety digestive_support magnesium complex carbs vegan gluten free clean ingredient artisan style garnet sweet potatoes black beans sweet corn cilantro lime vinaigrette,3.33
Organic Artisan Grilled Lemon Herb Chicken & Quinoa Power Bowl,Bowl,American,Lunch,Energetic,504,48.3,48.3,12.0,7.0,3.0,0,0,"Grilled chicken breast, Andean tricolor quinoa, massaged kale, avocado, lemon tahini","Protein Bowl, Pre-Workout, High-Protein, Lean-Muscle, Clean-Ingredient, Artisan-Style",mood_energetic mood_energetic mood_energetic energetic energetic cuisine_american category_bowl meal_lunch diet_non_veg animal_protein high_protein_rich muscle_fuel hearty_substantial high_energy high_fiber_satiety digestive_support low_sugar steady_glucose protein bowl pre workout high protein lean muscle clean ingredient artisan style grilled chicken breast andean tricolor quinoa massaged kale avocado lemon tahini,9.58
Organic Artisan South Indian Tempered Curd Rice with Pomegranate,Bowl,Indian,Lunch,Low Mood,326,9.5,54.6,7.0,3.0,6.0,1,0,"Cooked basmati rice, probiotic whole curd yogurt, mustard seeds, curry leaves, pomegranate","Curd, Probiotic, Gut-Brain, Ayurvedic, Vegetarian, Clean-Ingredient, Artisan-Style",mood_low_mood mood_low_mood mood_low_mood low_mood low_mood cuisine_indian category_bowl meal_lunch diet_vegetarian plant_based curd probiotic gut brain ayurvedic vegetarian clean ingredient artisan style cooked basmati rice probiotic whole curd yogurt mustard seeds curry leaves pomegranate,2.91
Organic Artisan Chamomile Steamed Tofu & Brown Jasmine Rice,Bowl,Asian,Dinner,Stressed,410,22.1,51.5,9.0,6.0,2.0,1,0,"Firm tofu cubes, brown jasmine rice, chamomile herbal broth, baby bok choy, sesame oil","Chamomile, Calming, Magnesium, Plant-Protein, Vegan, Clean-Ingredient, Artisan-Style",mood_stressed mood_stressed mood_stressed stressed stressed cuisine_asian category_bowl meal_dinner diet_vegetarian plant_based high_protein_rich muscle_fuel low_sugar steady_glucose chamomile calming magnesium plant protein vegan clean ingredient artisan style firm tofu cubes brown jasmine rice chamomile herbal broth baby bok choy sesame oil,5.39
Organic Artisan Fragrant Jasmine Rice with Steamed Sesame Greens,Bowl,Asian,Dinner,Relaxed,357,8.4,65.1,6.0,5.0,3.0,1,0,"Thai jasmine rice, baby bok choy, sugar snap peas, cold-pressed sesame oil","Jasmine Rice, Gentle, Easy-Digestion, Tryptophan, Vegan, Clean-Ingredient, Artisan-Style",mood_relaxed mood_relaxed mood_relaxed relaxed relaxed cuisine_asian category_bowl meal_dinner diet_vegetarian plant_based low_sugar steady_glucose jasmine rice gentle easy digestion tryptophan vegan clean ingredient artisan style thai jasmine rice baby bok choy sugar snap peas cold pressed sesame oil,2.35
Organic Artisan Buckwheat Soba & Edamame Protein Bowl,Bowl,Asian,Lunch,Energetic,441,21.0,65.1,10.0,8.0,5.0,1,0,"100% buckwheat soba noodles, steamed edamame, purple cabbage, sesame ginger vinaigrette","Protein Bowl, Pre-Workout, Clean-Carbs, Vegan, Clean-Ingredient, Artisan-Style",mood_energetic mood_energetic mood_energetic energetic energetic cuisine_asian category_bowl meal_lunch diet_vegetarian plant_based high_protein_rich muscle_fuel high_fiber_satiety digestive_support protein bowl pre workout clean carbs vegan clean ingredient artisan style 100 buckwheat soba noodles steamed edamame purple cabbage sesame ginger vinaigrette,4.76
Organic Artisan Spinach & Moong Dal Khichdi with Ghee,Curry,Indian,Dinner,Stressed,378,15.8,56.7,8.0,8.0,2.0,1,0,"Yellow moong lentils, basmati rice, fresh spinach, turmeric, cumin seeds, pure cow ghee","Spinach, Lentil, Magnesium, Ayurvedic-Comfort, Soothing, Clean-Ingredient, Artisan-Style",mood_stressed mood_stressed mood_stressed stressed stressed cuisine_indian category_curry meal_dinner diet_vegetarian plant_based balanced_protein high_fiber_satiety digestive_support low_sugar steady_glucose spinach lentil magnesium ayurvedic comfort soothing clean ingredient artisan style yellow moong lentils basmati rice fresh spinach turmeric cumin seeds pure cow ghee,4.18
Organic Artisan Homestyle Yellow Toor Dal with Cumin Rice,Curry,Indian,Dinner,Relaxed,399,14.7,63.0,7.0,9.0,3.0,1,0,"Yellow toor dal lentils, steamed basmati rice, toasted cumin, mild turmeric, ripe tomato","Lentil, Traditional-Comfort, Tryptophan, Gentle, Vegan, Clean-Ingredient, Artisan-Style",mood_relaxed mood_relaxed mood_relaxed relaxed relaxed cuisine_indian category_curry meal_dinner diet_vegetarian plant_based balanced_protein high_fiber_satiety digestive_support low_sugar steady_glucose lentil traditional comfort tryptophan gentle vegan clean ingredient artisan style yellow toor dal lentils steamed basmati rice toasted cumin mild turmeric ripe tomato,3.68
Organic Artisan Iron-Rich Palak Paneer with Whole Wheat Roti,Curry,Indian,Dinner,Tired,441,21.0,39.9,22.0,7.0,4.0,1,1,"Fresh spinach puree, paneer cheese, whole wheat flour roti, garlic, garam masala","Iron, B-Vitamin, High-Protein, Vegetarian, Clean-Ingredient, Artisan-Style",mood_tired mood_tired mood_tired tired tired cuisine_indian category_curry meal_dinner diet_vegetarian plant_based high_protein_rich muscle_fuel high_fiber_satiety digestive_support low_sugar steady_glucose iron vitamin high protein vegetarian clean ingredient artisan style fresh spinach puree paneer cheese whole wheat flour roti garlic garam masala,4.76
Organic Artisan Wild Atlantic Salmon with Steamed Asparagus,Main,Continental,Dinner,Stressed,504,39.9,12.6,26.0,5.0,2.0,0,0,"Wild salmon fillet, green asparagus spears, virgin olive oil, lemon zest, sea salt","Salmon, Omega-3, Magnesium, High-Protein, Gluten-Free, Clean-Ingredient, Artisan-Style",mood_stressed mood_stressed mood_stressed stressed stressed cuisine_continental category_main meal_dinner diet_non_veg animal_protein high_protein_rich muscle_fuel hearty_substantial high_energy low_sugar steady_glucose salmon omega magnesium high protein gluten free clean ingredient artisan style wild salmon fillet green asparagus spears virgin olive oil lemon zest sea salt,7.92
Organic Artisan Herbal Baked Atlantic Cod with Zucchini,Main,Mediterranean,Dinner,Relaxed,378,37.8,14.7,16.0,4.0,4.0,0,0,"Cod fillet, tender zucchini ribbons, fresh dill, virgin olive oil, garlic","Cod, Tryptophan, Gentle, Light-Dinner, High-Protein, Clean-Ingredient, Artisan-Style",mood_relaxed mood_relaxed mood_relaxed relaxed relaxed cuisine_mediterranean category_main meal_dinner diet_non_veg animal_protein high_protein_rich muscle_fuel low_sugar steady_glucose cod tryptophan gentle light dinner high protein clean ingredient artisan style cod fillet tender zucchini ribbons fresh dill virgin olive oil garlic,10.0
Organic Artisan Grilled Lemon Herb Chicken with Brown Rice,Main,American,Dinner,Energetic,514,48.3,50.4,10.0,7.0,3.0,0,0,"Skinless chicken breast, steamed brown basmati rice, steamed fresh broccoli, olive oil","High-Protein, Pre-Workout, Clean-Fuel, Gluten-Free, Clean-Ingredient, Artisan-Style",mood_energetic mood_energetic mood_energetic energetic energetic cuisine_american category_main meal_dinner diet_non_veg animal_protein high_protein_rich muscle_fuel hearty_substantial high_energy high_fiber_satiety digestive_support low_sugar steady_glucose high protein pre workout clean fuel gluten free clean ingredient artisan style skinless chicken breast steamed brown basmati rice steamed fresh broccoli olive oil,9.4
Organic Artisan Grilled Pacific Shrimp with Lemon Herb Quinoa,Main,Mediterranean,Dinner,Energetic,410,35.7,39.9,10.0,5.0,2.0,0,0,"Wild white shrimp, tri-color quinoa, Italian flat-leaf parsley, lemon zest, olive oil","Pre-Workout, High-Protein, Lean, Gluten-Free, Clean-Ingredient, Artisan-Style",mood_energetic mood_energetic mood_energetic energetic energetic cuisine_mediterranean category_main meal_dinner diet_non_veg animal_protein high_protein_rich muscle_fuel low_sugar steady_glucose pre workout high protein lean gluten free clean ingredient artisan style wild white shrimp tri color quinoa italian flat leaf parsley lemon zest olive oil,8.71
Organic Artisan Artisanal Margherita Sourdough Flatbread,Main,Italian,Lunch,Happy,483,18.9,58.8,18.0,4.0,5.0,1,0,"San Marzano plum tomatoes, fresh buffalo mozzarella, sweet basil, sourdough olive crust","Flatbread, Pizza, Social, Sensory-Joy, Vegetarian, Clean-Ingredient, Artisan-Style",mood_happy mood_happy mood_happy happy happy cuisine_italian category_main meal_lunch diet_vegetarian plant_based balanced_protein hearty_substantial high_energy flatbread pizza social sensory joy vegetarian clean ingredient artisan style san marzano plum tomatoes fresh buffalo mozzarella sweet basil sourdough olive crust,3.91
Organic Artisan Mediterranean Mezze Platter with Baked Falafel,Main,Mediterranean,Lunch,Happy,514,16.8,60.9,22.0,12.0,6.0,1,0,"Baked chickpea falafel, velvety hummus, kalamata olives, diced cucumbers, warm pita","Mezze, Social, High-Fiber, Vegan, Clean-Ingredient, Artisan-Style",mood_happy mood_happy mood_happy happy happy cuisine_mediterranean category_main meal_lunch diet_vegetarian plant_based balanced_protein hearty_substantial high_energy high_fiber_satiety digestive_support mezze social high fiber vegan clean ingredient artisan style baked chickpea falafel velvety hummus kalamata olives diced cucumbers warm pita,3.27
Organic Artisan Vegetable Dum Biryani with Cool Mint Raita,Main,Indian,Lunch,Happy,504,13.7,75.6,14.0,7.0,5.0,1,1,"Aged basmati rice, green beans, carrots, saffron threads, fresh mint, cucumber raita","Biryani, Celebration, Social, Aromatic, Vegetarian, Clean-Ingredient, Artisan-Style",mood_happy mood_happy mood_happy happy happy cuisine_indian category_main meal_lunch diet_vegetarian plant_based balanced_protein hearty_substantial high_energy high_fiber_satiety digestive_support biryani celebration social aromatic vegetarian clean ingredient artisan style aged basmati rice green beans carrots saffron threads fresh mint cucumber raita,2.72
Organic Artisan Baja Grilled White Fish Tacos with Purple Slaw,Main,Mexican,Lunch,Happy,462,29.4,44.1,16.0,6.0,4.0,0,1,"Grilled cod, stoneground corn tortillas, shaved purple cabbage, avocado crema, lime","Taco, Social, Lean-Protein, Gluten-Free, Clean-Ingredient, Artisan-Style",mood_happy mood_happy mood_happy happy happy cuisine_mexican category_main meal_lunch diet_non_veg animal_protein high_protein_rich muscle_fuel hearty_substantial high_energy low_sugar steady_glucose taco social lean protein gluten free clean ingredient artisan style grilled cod stoneground corn tortillas shaved purple cabbage avocado crema lime,6.36
Organic Artisan Tandoori Paneer Tikka with Mint Chutney,Main,Indian,Dinner,Happy,430,25.2,14.7,28.0,3.0,4.0,1,1,"Marinated paneer cheese blocks, Kashmiri chili, chickpea flour, lemon, green mint dip","Social, High-Protein, Vegetarian, Gluten-Free, Clean-Ingredient, Artisan-Style",mood_happy mood_happy mood_happy happy happy cuisine_indian category_main meal_dinner diet_vegetarian plant_based high_protein_rich muscle_fuel low_sugar steady_glucose social high protein vegetarian gluten free clean ingredient artisan style marinated paneer cheese blocks kashmiri chili chickpea flour lemon green mint dip,5.86
Organic Artisan Oatmeal with Blueberries & Pumpkin Seeds,Breakfast,American,Breakfast,Stressed,336,11.6,50.4,9.0,8.0,10.0,1,0,"Rolled whole oats, wild blueberries, raw pumpkin seeds, almond milk, Ceylon cinnamon","Oatmeal, Pumpkin Seed, Magnesium, Antioxidant, Vegan, Clean-Ingredient, Artisan-Style",mood_stressed mood_stressed mood_stressed stressed stressed cuisine_american category_breakfast meal_breakfast diet_vegetarian plant_based high_fiber_satiety digestive_support oatmeal pumpkin seed magnesium antioxidant vegan clean ingredient artisan style rolled whole oats wild blueberries raw pumpkin seeds almond milk ceylon cinnamon,3.45
Organic Artisan Banana Almond Butter High-Protein Oatmeal,Breakfast,American,Breakfast,Energetic,430,23.1,58.8,13.0,8.0,16.0,1,0,"Rolled oats, plant protein isolate, ripe banana, natural almond butter, cinnamon","Banana, Peanut Butter, Pre-Workout, Protein Bowl, Vegan, Clean-Ingredient, Artisan-Style",mood_energetic mood_energetic mood_energetic energetic energetic cuisine_american category_breakfast meal_breakfast diet_vegetarian plant_based high_protein_rich muscle_fuel high_fiber_satiety digestive_support banana peanut butter pre workout protein bowl vegan clean ingredient artisan style rolled oats plant protein isolate ripe banana natural almond butter cinnamon,5.37
Organic Artisan Egg & Avocado Sprouted Whole-Grain Wrap,Breakfast,American,Breakfast,Tired,410,21.0,37.8,18.0,7.0,3.0,1,0,"Scrambled pasture eggs, sprouted tortilla, fresh avocado slices, baby spinach","Avocado Wrap, Egg, B-Vitamin, Clean-Protein, Vegetarian, Clean-Ingredient, Artisan-Style",mood_tired mood_tired mood_tired tired tired cuisine_american category_breakfast meal_breakfast diet_vegetarian plant_based high_protein_rich muscle_fuel high_fiber_satiety digestive_support low_sugar steady_glucose avocado wrap egg vitamin clean protein vegetarian clean ingredient artisan style scrambled pasture eggs sprouted tortilla fresh avocado slices baby spinach,5.12
Organic Artisan Avocado Sourdough Toast with Raw Hemp Hearts,Breakfast,Continental,Breakfast,Stressed,346,9.5,35.7,18.0,9.0,2.0,1,0,"Artisan sourdough bread, mashed Hass avocado, raw hemp seeds, lemon juice, sea salt","Magnesium, Healthy-Fats, High-Fiber, Vegan, Clean-Ingredient, Artisan-Style",mood_stressed mood_stressed mood_stressed stressed stressed cuisine_continental category_breakfast meal_breakfast diet_vegetarian plant_based high_fiber_satiety digestive_support low_sugar steady_glucose magnesium healthy fats high fiber vegan clean ingredient artisan style artisan sourdough bread mashed hass avocado raw hemp seeds lemon juice sea salt,2.75
Organic Artisan Greek Yogurt Parfait with Granola & Chia Seeds,Breakfast,Mediterranean,Breakfast,Energetic,357,25.2,44.1,9.0,5.0,14.0,1,0,"Nonfat strained Greek yogurt, artisan oat granola, black chia seeds, fresh blackberries","Pre-Workout, High-Protein, Vegetarian, Calcium-Rich, Clean-Ingredient, Artisan-Style",mood_energetic mood_energetic mood_energetic energetic energetic cuisine_mediterranean category_breakfast meal_breakfast diet_vegetarian plant_based high_protein_rich muscle_fuel pre workout high protein vegetarian calcium rich clean ingredient artisan style nonfat strained greek yogurt artisan oat granola black chia seeds fresh blackberries,7.06
Organic Artisan Rainbow Acai Superfruit Breakfast Bowl,Breakfast,American,Breakfast,Happy,378,8.4,65.1,10.0,9.0,26.0,1,0,"Acai berry puree, ripe banana, golden kiwi slices, wild blueberries, black chia seeds","Acai, Antioxidant, Colorful, Vegan, Flavonoid, Clean-Ingredient, Artisan-Style",mood_happy mood_happy mood_happy happy happy cuisine_american category_breakfast meal_breakfast diet_vegetarian plant_based high_fiber_satiety digestive_support acai antioxidant colorful vegan flavonoid clean ingredient artisan style acai berry puree ripe banana golden kiwi slices wild blueberries black chia seeds,2.22
Organic Artisan Hard Boiled Pasture Eggs with Everything Spice,Breakfast,American,Breakfast,Tired,158,13.7,2.1,10.0,1.0,1.0,1,0,"Two large pasture-raised eggs, poppy seeds, toasted sesame, garlic flakes, sea salt","Egg, Iron, High-Protein, Zero-Sugar, Vegetarian, Clean-Ingredient, Artisan-Style",mood_tired mood_tired mood_tired tired tired cuisine_american category_breakfast meal_breakfast diet_vegetarian plant_based balanced_protein light_meal low_calorie light_energy low_sugar steady_glucose egg iron high protein zero sugar vegetarian clean ingredient artisan style two large pasture raised eggs poppy seeds toasted sesame garlic flakes sea salt,8.67
Organic Artisan Warm Steel-Cut Oats with Stewed Gala Apples,Breakfast,American,Breakfast,Stressed,357,9.5,56.7,11.0,7.0,14.0,1,0,"Steel-cut oats, cinnamon-stewed Gala apples, crushed raw walnuts, pure maple touch","Oatmeal, Walnut, Comforting, Serotonin-Support, Vegan, Clean-Ingredient, Artisan-Style",mood_stressed mood_stressed mood_stressed stressed stressed cuisine_american category_breakfast meal_breakfast diet_vegetarian plant_based high_fiber_satiety digestive_support oatmeal walnut comforting serotonin support vegan clean ingredient artisan style steel cut oats cinnamon stewed gala apples crushed raw walnuts pure maple touch,2.66
Organic Artisan Whipped Ricotta Toast on Sourdough with Honey,Breakfast,Italian,Breakfast,Relaxed,304,12.6,39.9,10.0,3.0,12.0,1,0,"Country sourdough bread, whipped whole milk ricotta cheese, clover honey, sea salt","Tryptophan, Comforting, Vegetarian, Clean-Ingredient, Artisan-Style",mood_relaxed mood_relaxed mood_relaxed relaxed relaxed cuisine_italian category_breakfast meal_breakfast diet_vegetarian plant_based balanced_protein tryptophan comforting vegetarian clean ingredient artisan style country sourdough bread whipped whole milk ricotta cheese clover honey sea salt,4.14
Organic Artisan Sprouted Moong Lentil Salad with Pomegranate,Salad,Indian,Lunch,Tired,284,14.7,44.1,4.0,10.0,12.0,1,0,"Sprouted green moong beans, ruby pomegranate arils, shredded carrots, lime juice","Sprout, Iron, Raw-Enzymes, Vegan, Gluten-Free, Clean-Ingredient, Artisan-Style",mood_tired mood_tired mood_tired tired tired cuisine_indian category_salad meal_lunch diet_vegetarian plant_based balanced_protein high_fiber_satiety digestive_support sprout iron raw enzymes vegan gluten free clean ingredient artisan style sprouted green moong beans ruby pomegranate arils shredded carrots lime juice,5.18
"Organic Artisan Roasted Beetroot, Walnut & Goat Cheese Salad",Salad,Mediterranean,Lunch,Stressed,357,11.6,29.4,20.0,6.0,16.0,1,0,"Roasted red beets, baby arugula, toasted walnuts, creamy goat cheese, aged balsamic","Beetroot, Nitrate, Walnut, Magnesium, Vegetarian, Clean-Ingredient, Artisan-Style",mood_stressed mood_stressed mood_stressed stressed stressed cuisine_mediterranean category_salad meal_lunch diet_vegetarian plant_based beetroot nitrate walnut magnesium vegetarian clean ingredient artisan style roasted red beets baby arugula toasted walnuts creamy goat cheese aged balsamic,3.25
Organic Artisan Crispy Spiced Chickpea & Tuscan Kale Salad,Salad,Mediterranean,Lunch,Energetic,378,16.8,46.2,14.0,11.0,4.0,1,1,"Paprika roasted chickpeas, chopped lacinato kale, tahini lemon dressing, sunflower seeds","Iron, Pre-Workout, Protein Bowl, Vegan, Clean-Ingredient, Artisan-Style",mood_energetic mood_energetic mood_energetic energetic energetic cuisine_mediterranean category_salad meal_lunch diet_vegetarian plant_based balanced_protein high_fiber_satiety digestive_support low_sugar steady_glucose iron pre workout protein bowl vegan clean ingredient artisan style paprika roasted chickpeas chopped lacinato kale tahini lemon dressing sunflower seeds,4.44
Organic Artisan Italian Caprese Salad with Buffalo Mozzarella,Salad,Italian,Lunch,Happy,326,16.8,8.4,24.0,2.0,5.0,1,0,"Vine heirloom tomatoes, fresh water buffalo mozzarella, sweet basil, balsamic glaze","Social, Fresh-Simplicity, High-Calcium, Vegetarian, Clean-Ingredient, Artisan-Style",mood_happy mood_happy mood_happy happy happy cuisine_italian category_salad meal_lunch diet_vegetarian plant_based balanced_protein social fresh simplicity high calcium vegetarian clean ingredient artisan style vine heirloom tomatoes fresh water buffalo mozzarella sweet basil balsamic glaze,5.15
Organic Artisan Golden Turmeric Spiced Warm Almond Milk,Beverage,Indian,Snack,Stressed,168,6.3,16.8,7.0,1.0,12.0,1,0,"Almond milk, ground turmeric root, black pepper, cinnamon, raw honey, cardamom","Anti-Stress, Calming, Anti-Inflammatory, Vegetarian, Clean-Ingredient, Artisan-Style",mood_stressed mood_stressed mood_stressed stressed stressed cuisine_indian category_beverage meal_snack diet_vegetarian plant_based light_meal low_calorie light_energy anti stress calming anti inflammatory vegetarian clean ingredient artisan style almond milk ground turmeric root black pepper cinnamon raw honey cardamom,3.75
Organic Artisan Organic Chamomile Peppermint Herbal Infusion,Beverage,Continental,Snack,Stressed,10,0.0,2.1,0.0,0.0,0.0,1,0,"Whole dried chamomile flower heads, crushed spearmint and peppermint leaves, pure water","Chamomile, Peppermint, Soothing, Caffeine-Free, Vegan, Clean-Ingredient, Artisan-Style",mood_stressed mood_stressed mood_stressed stressed stressed cuisine_continental category_beverage meal_snack diet_vegetarian plant_based light_meal low_calorie light_energy low_sugar steady_glucose chamomile peppermint soothing caffeine free vegan clean ingredient artisan style whole dried chamomile flower heads crushed spearmint peppermint leaves pure water,0.0
Organic Artisan Ceremonial Matcha Oat Milk Green Tea Latte,Beverage,Asian,Snack,Tired,189,4.2,27.3,6.0,3.0,12.0,1,0,"Ceremonial Japanese matcha, barista oat milk, organic blue agave, vanilla extract","Matcha, Iron, Sustained-Focus, Vegan, Clean-Ingredient, Artisan-Style",mood_tired mood_tired mood_tired tired tired cuisine_asian category_beverage meal_snack diet_vegetarian plant_based light_meal low_calorie light_energy matcha iron sustained focus vegan clean ingredient artisan style ceremonial japanese matcha barista oat milk organic blue agave vanilla extract,2.22
"Organic Artisan Raw Beetroot, Ginger & Orange Performance Juice",Beverage,Continental,Snack,Energetic,200,4.2,44.1,1.0,5.0,28.0,1,0,"Cold-pressed red beet juice, Valencia orange juice, tender coconut water, fresh ginger","Beetroot, Nitrate, Electrolyte, Pre-Workout, Vegan, Clean-Ingredient, Artisan-Style",mood_energetic mood_energetic mood_energetic energetic energetic cuisine_continental category_beverage meal_snack diet_vegetarian plant_based light_meal low_calorie light_energy beetroot nitrate electrolyte pre workout vegan clean ingredient artisan style cold pressed red beet juice valencia orange juice tender coconut water fresh ginger,2.1
Organic Artisan Natural Tender Coconut Water with Fresh Lime,Beverage,Asian,Snack,Energetic,63,1.1,14.7,0.0,1.0,11.0,1,0,"Raw tender green coconut water, Persian lime juice, Himalayan pink salt pinch","Coconut Water, Electrolyte, Hydrating, Potassium, Vegan, Clean-Ingredient, Artisan-Style",mood_energetic mood_energetic mood_energetic energetic energetic cuisine_asian category_beverage meal_snack diet_vegetarian plant_based light_meal low_calorie light_energy coconut water electrolyte hydrating potassium vegan clean ingredient artisan style raw tender green coconut water persian lime juice himalayan pink salt pinch,1.75
Organic Artisan Sparkling Wild Raspberry Garden Mint Spritzer,Beverage,Continental,Snack,Happy,74,1.1,18.9,0.0,3.0,13.0,1,0,"Sparkling mineral water, muddled red raspberries, fresh garden mint, lime splash","Berry, Social, Refreshing, Flavonoid, Vegan, Clean-Ingredient, Artisan-Style",mood_happy mood_happy mood_happy happy happy cuisine_continental category_beverage meal_snack diet_vegetarian plant_based light_meal low_calorie light_energy berry social refreshing flavonoid vegan clean ingredient artisan style sparkling mineral water muddled red raspberries fresh garden mint lime splash,1.49
Organic Artisan Caffeine-Free Rooibos Chai with Steamed Oat Milk,Beverage,Indian,Snack,Relaxed,147,3.2,23.1,4.0,1.0,14.0,1,0,"Red rooibos tea, oat milk, crushed green cardamom pods, cinnamon, clove, honey","Soothing-Aromas, Calming, Tryptophan, Vegetarian, Clean-Ingredient, Artisan-Style",mood_relaxed mood_relaxed mood_relaxed relaxed relaxed cuisine_indian category_beverage meal_snack diet_vegetarian plant_based light_meal low_calorie light_energy soothing aromas calming tryptophan vegetarian clean ingredient artisan style red rooibos tea oat milk crushed green cardamom pods cinnamon clove honey,2.18
Organic Artisan Fresh Organic Strawberries in 72% Dark Chocolate,Dessert,Continental,Snack,Happy,200,3.2,27.3,10.0,4.0,18.0,1,0,"Organic ripe strawberries, 72% dark bittersweet chocolate, flaky sea salt","Dark Chocolate, Strawberry, Flavonoid, Endorphin-Boost, Vegan, Clean-Ingredient, Artisan-Style",mood_happy mood_happy mood_happy happy happy cuisine_continental category_dessert meal_snack diet_vegetarian plant_based light_meal low_calorie light_energy dark chocolate strawberry flavonoid endorphin boost vegan clean ingredient artisan style organic ripe strawberries 72 dark bittersweet chocolate flaky sea salt,1.6
Organic Artisan Dark Chocolate & Walnut Magnesium Energy Bites,Snack,American,Snack,Stressed,220,5.2,23.1,12.0,4.0,12.0,1,0,"72% dark chocolate chips, raw English walnuts, medjool dates, rolled oats","Dark Chocolate, Walnut, Magnesium, Anti-Stress, Vegan, Clean-Ingredient, Artisan-Style",mood_stressed mood_stressed mood_stressed stressed stressed cuisine_american category_snack meal_snack diet_vegetarian plant_based light_meal low_calorie light_energy dark chocolate walnut magnesium anti stress vegan clean ingredient artisan style 72 dark chocolate chips raw english walnuts medjool dates rolled oats,2.36
Organic Artisan Fresh Guacamole with Stoneground Tortilla Chips,Snack,Mexican,Snack,Happy,336,4.2,37.8,18.0,7.0,2.0,1,1,"Hass avocados, lime juice, jalapeño, sea salt, organic corn tortilla chips","Social, Shareable, Heart-Healthy-Fats, Vegan, Clean-Ingredient, Artisan-Style",mood_happy mood_happy mood_happy happy happy cuisine_mexican category_snack meal_snack diet_vegetarian plant_based high_fiber_satiety digestive_support low_sugar steady_glucose social shareable heart healthy fats vegan clean ingredient artisan style hass avocados lime juice jalapeo sea salt organic corn tortilla chips,1.25
Organic Artisan Hummus with Whole-Wheat Pita & Toasted Pepitas,Snack,Mediterranean,Snack,Tired,326,12.6,39.9,14.0,8.0,3.0,1,0,"Chickpea hummus, sesame tahini, whole-wheat pita bread, toasted pepitas, paprika","Pumpkin Seed, Iron, B-Vitamin, Vegan, Clean-Ingredient, Artisan-Style",mood_tired mood_tired mood_tired tired tired cuisine_mediterranean category_snack meal_snack diet_vegetarian plant_based balanced_protein high_fiber_satiety digestive_support low_sugar steady_glucose pumpkin seed iron vitamin vegan clean ingredient artisan style chickpea hummus sesame tahini whole wheat pita bread toasted pepitas paprika,3.87
Organic Artisan Spiced Dry-Roasted Almonds with Smoked Paprika,Snack,Continental,Snack,Energetic,220,7.4,7.4,18.0,4.0,1.0,1,1,"Dry-roasted whole California almonds, smoked Spanish paprika, sea salt","Pre-Workout, Quick-Fuel, Keto-Friendly, Vegan, Clean-Ingredient, Artisan-Style",mood_energetic mood_energetic mood_energetic energetic energetic cuisine_continental category_snack meal_snack diet_vegetarian plant_based light_meal low_calorie light_energy low_sugar steady_glucose pre workout quick fuel keto friendly vegan clean ingredient artisan style dry roasted whole california almonds smoked spanish paprika sea salt,3.36
Organic Artisan Warm Roasted Sweet Potato Mash with Cinnamon,Side,American,Dinner,Low Mood,252,4.2,54.6,3.0,7.0,14.0,1,0,"Roasted sweet potatoes, Ceylon cinnamon, warm unsweetened almond milk, sea salt","Sweet Potato Mash, Restorative, Comforting, Serotonin-Support, Vegan, Clean-Ingredient, Artisan-Style",mood_low_mood mood_low_mood mood_low_mood low_mood low_mood cuisine_american category_side meal_dinner diet_vegetarian plant_based light_meal low_calorie light_energy high_fiber_satiety digestive_support sweet potato mash restorative comforting serotonin support vegan clean ingredient artisan style roasted sweet potatoes ceylon cinnamon warm unsweetened almond milk sea salt,1.67
Restorative Portion Warm Lentil & Baby Spinach Soup,Soup,Mediterranean,Dinner,Stressed,306,17.1,41.4,6.0,11.0,4.0,1,0,"Brown lentils, baby spinach, minced garlic, extra virgin olive oil, lemon, cumin","High-Fiber, Magnesium, Vegan, Anti-Stress, Gentle-Portion, Soothing",mood_stressed mood_stressed mood_stressed stressed stressed cuisine_mediterranean category_soup meal_dinner diet_vegetarian plant_based balanced_protein high_fiber_satiety digestive_support low_sugar steady_glucose high fiber magnesium vegan anti stress gentle portion soothing brown lentils baby spinach minced garlic extra virgin olive oil lemon cumin,5.59
Restorative Portion Ginger Simmered Chicken Broth with Rice,Soup,Asian,Dinner,Low Mood,306,24.7,34.2,6.8,3.0,2.0,0,0,"Poached chicken breast, white jasmine rice, sliced young ginger, scallions","Restorative, Broth, Gut-Friendly, Gluten-Free, Gentle-Portion, Soothing",mood_low_mood mood_low_mood mood_low_mood low_mood low_mood cuisine_asian category_soup meal_dinner diet_non_veg animal_protein high_protein_rich muscle_fuel low_sugar steady_glucose restorative broth gut friendly gluten free gentle portion soothing poached chicken breast white jasmine rice sliced young ginger scallions,8.07
